MapDate,StateAbbreviation,None,D0,D1,D2,D3,D4,ValidStart,ValidEnd,StatisticFormatID
20250923,WI,95.36,4.64,0,0,0,0,9/23/2025,9/29/2025,1
20250916,WI,95,5,0,0,0,0,9/16/2025,9/22/2025,1
20250909,WI,96.3,3.7,0,0,0,0,9/9/2025,9/15/2025,1
20250902,WI,96.3,3.7,0,0,0,0,9/2/2025,9/8/2025,1
20250826,WI,96.59,3.41,0,0,0,0,8/26/2025,9/1/2025,1
20250819,WI,95.74,4.26,0,0,0,0,8/19/2025,8/25/2025,1
20250812,WI,95.74,4.26,0,0,0,0,8/12/2025,8/18/2025,1
20250805,WI,98.22,1.78,0,0,0,0,8/5/2025,8/11/2025,1
20250729,WI,99.24,0.76,0,0,0,0,7/29/2025,8/4/2025,1
20250722,WI,99.24,0.76,0,0,0,0,7/22/2025,7/28/2025,1
20250715,WI,92.57,7.43,0.14,0,0,0,7/15/2025,7/21/2025,1
20250708,WI,86.65,13.35,1.36,0,0,0,7/8/2025,7/14/2025,1
20250701,WI,83.61,16.39,2.55,0,0,0,7/1/2025,7/7/2025,1
20250624,WI,76.29,23.71,2.55,0,0,0,6/24/2025,6/30/2025,1
20250617,WI,74.12,25.88,4.7,0,0,0,6/17/2025,6/23/2025,1
20250610,WI,52.97,47.03,4.7,0,0,0,6/10/2025,6/16/2025,1
20250603,WI,52.83,47.17,4.73,0,0,0,6/3/2025,6/9/2025,1
20250527,WI,66.73,33.27,4.73,0,0,0,5/27/2025,6/2/2025,1
20250520,WI,56.53,43.47,5.69,0,0,0,5/20/2025,5/26/2025,1
20250513,WI,56.53,43.47,5.69,0,0,0,5/13/2025,5/19/2025,1
20250506,WI,67.75,32.25,2.41,0,0,0,5/6/2025,5/12/2025,1
20250429,WI,67.79,32.21,2.41,0,0,0,4/29/2025,5/5/2025,1
20250422,WI,67.61,32.39,2.58,0,0,0,4/22/2025,4/28/2025,1
20250415,WI,57.97,42.03,4.95,0,0,0,4/15/2025,4/21/2025,1
20250408,WI,55.24,44.76,13.81,0,0,0,4/8/2025,4/14/2025,1
20250401,WI,42.79,57.21,29.27,0,0,0,4/1/2025,4/7/2025,1
20250325,WI,31.55,68.45,40.73,0,0,0,3/25/2025,3/31/2025,1
20250318,WI,18.55,81.45,50.5,0,0,0,3/18/2025,3/24/2025,1
20250311,WI,18.55,81.45,50.5,0,0,0,3/11/2025,3/17/2025,1
20250304,WI,15.27,84.73,50.5,0,0,0,3/4/2025,3/10/2025,1
20250225,WI,15.27,84.73,50.5,0,0,0,2/25/2025,3/3/2025,1
20250218,WI,15.27,84.73,43,0,0,0,2/18/2025,2/24/2025,1
20250211,WI,15.27,84.73,43,0,0,0,2/11/2025,2/17/2025,1
20250204,WI,15.27,84.73,43,0,0,0,2/4/2025,2/10/2025,1
20250128,WI,36.12,63.88,39.54,0,0,0,1/28/2025,2/3/2025,1
20250121,WI,36.12,63.88,39.54,0,0,0,1/21/2025,1/27/2025,1
20250114,WI,36.12,63.88,39.54,0,0,0,1/14/2025,1/20/2025,1
20250107,WI,36.12,63.88,39.54,0,0,0,1/7/2025,1/13/2025,1
20241231,WI,36.12,63.88,39.54,0,0,0,12/31/2024,1/6/2025,1
20241224,WI,40.89,59.11,43.7,0,0,0,12/24/2024,12/30/2024,1
20241217,WI,40.89,59.11,43.7,0,0,0,12/17/2024,12/23/2024,1
20241210,WI,40.91,59.09,43.89,0,0,0,12/10/2024,12/16/2024,1
20241203,WI,41.37,58.63,43.12,0,0,0,12/3/2024,12/9/2024,1
20241126,WI,34.79,65.21,43.9,3.27,0,0,11/26/2024,12/2/2024,1
20241119,WI,34.27,65.73,46.07,13.46,0,0,11/19/2024,11/25/2024,1
20241112,WI,0,100,52.85,17.19,0,0,11/12/2024,11/18/2024,1
20241105,WI,0,100,56.14,14.31,0,0,11/5/2024,11/11/2024,1
20241029,WI,0,100,100,31.63,0,0,10/29/2024,11/4/2024,1
20241022,WI,0,100,77.11,30.39,0,0,10/22/2024,10/28/2024,1
20241015,WI,0,100,63.85,20.81,0,0,10/15/2024,10/21/2024,1
20241008,WI,0.43,99.57,44.54,18,0,0,10/8/2024,10/14/2024,1
20241001,WI,18.68,81.32,29.83,8.45,0,0,10/1/2024,10/7/2024,1
20240924,WI,46.45,53.55,16,0,0,0,9/24/2024,9/30/2024,1
20240917,WI,47.63,52.37,16.23,0,0,0,9/17/2024,9/23/2024,1
20240910,WI,53.37,46.63,0,0,0,0,9/10/2024,9/16/2024,1
20240903,WI,86.82,13.18,0,0,0,0,9/3/2024,9/9/2024,1
20240827,WI,63.49,36.51,0,0,0,0,8/27/2024,9/2/2024,1
20240820,WI,71.24,28.76,0,0,0,0,8/20/2024,8/26/2024,1
20240813,WI,68.33,31.67,0,0,0,0,8/13/2024,8/19/2024,1
20240806,WI,71.12,28.88,0,0,0,0,8/6/2024,8/12/2024,1
20240730,WI,71.12,28.88,0,0,0,0,7/30/2024,8/5/2024,1
20240723,WI,100,0,0,0,0,0,7/23/2024,7/29/2024,1
20240716,WI,100,0,0,0,0,0,7/16/2024,7/22/2024,1
20240709,WI,100,0,0,0,0,0,7/9/2024,7/15/2024,1
20240702,WI,100,0,0,0,0,0,7/2/2024,7/8/2024,1
20240625,WI,100,0,0,0,0,0,6/25/2024,7/1/2024,1
20240618,WI,96.44,3.56,0,0,0,0,6/18/2024,6/24/2024,1
20240611,WI,95.75,4.25,0,0,0,0,6/11/2024,6/17/2024,1
20240604,WI,92.96,7.04,0.77,0,0,0,6/4/2024,6/10/2024,1
20240528,WI,90.31,9.69,0.77,0,0,0,5/28/2024,6/3/2024,1
20240521,WI,84.76,15.24,5.37,0,0,0,5/21/2024,5/27/2024,1
20240514,WI,71.9,28.1,7.93,2.52,0,0,5/14/2024,5/20/2024,1
20240507,WI,71.94,28.06,7.93,2.52,0,0,5/7/2024,5/13/2024,1
20240430,WI,56.73,43.27,19.01,3.29,0,0,4/30/2024,5/6/2024,1
20240423,WI,56.39,43.61,19.02,3.29,0,0,4/23/2024,4/29/2024,1
20240416,WI,24.94,75.06,28.34,5.3,0,0,4/16/2024,4/22/2024,1
20240409,WI,24.97,75.03,28.36,5.81,0,0,4/9/2024,4/15/2024,1
20240402,WI,13.9,86.1,31.55,5.99,0,0,4/2/2024,4/8/2024,1
20240326,WI,13.96,86.04,31.55,5.99,0,0,3/26/2024,4/1/2024,1
20240319,WI,11.83,88.17,72.32,19.02,0,0,3/19/2024,3/25/2024,1
20240312,WI,11.51,88.49,72.37,18.45,0,0,3/12/2024,3/18/2024,1
20240305,WI,10.1,89.9,67.99,18.45,0,0,3/5/2024,3/11/2024,1
20240227,WI,9.03,90.97,65.65,17.07,0,0,2/27/2024,3/4/2024,1
20240220,WI,13.51,86.49,40.91,17.07,0,0,2/20/2024,2/26/2024,1
20240213,WI,31.06,68.94,35.69,14.93,0,0,2/13/2024,2/19/2024,1
20240206,WI,33.63,66.37,35.52,14.93,0,0,2/6/2024,2/12/2024,1
20240130,WI,33.63,66.37,35.52,14.93,0,0,1/30/2024,2/5/2024,1
20240123,WI,33.63,66.37,35.52,14.93,0,0,1/23/2024,1/29/2024,1
20240116,WI,33.68,66.32,35.51,14.93,0,0,1/16/2024,1/22/2024,1
20240109,WI,33.04,66.96,37.34,16.8,0.26,0,1/9/2024,1/15/2024,1
20240102,WI,33.04,66.96,37.34,16.8,0.26,0,1/2/2024,1/8/2024,1
20231226,WI,33.04,66.96,37.34,16.8,0.26,0,12/26/2023,1/1/2024,1
20231219,WI,33.1,66.9,37.43,16.8,0.26,0,12/19/2023,12/25/2023,1
20231212,WI,33.1,66.9,37.43,16.8,0.26,0,12/12/2023,12/18/2023,1
20231205,WI,32.97,67.03,37.05,16.8,0.26,0,12/5/2023,12/11/2023,1
20231128,WI,33.04,66.96,37.07,16.8,0.26,0,11/28/2023,12/4/2023,1
20231121,WI,33.04,66.96,37.07,16.8,0.26,0,11/21/2023,11/27/2023,1
20231114,WI,33.59,66.41,37.07,16.02,0.26,0,11/14/2023,11/20/2023,1
20231107,WI,33.59,66.41,36.22,16.02,0.26,0,11/7/2023,11/13/2023,1
20231031,WI,33.64,66.36,33.99,15.95,0.26,0,10/31/2023,11/6/2023,1
20231024,WI,6.49,93.51,51.81,21.6,3.04,0,10/24/2023,10/30/2023,1
20231017,WI,6.49,93.51,68.19,23.65,3.04,0,10/17/2023,10/23/2023,1
20231010,WI,0.01,99.99,74.4,30.44,6.77,0,10/10/2023,10/16/2023,1
20231003,WI,2.04,97.96,75.07,33.18,6.77,0,10/3/2023,10/9/2023,1
20230926,WI,2.04,97.96,80.86,37.74,6.77,0,9/26/2023,10/2/2023,1
20230919,WI,2.04,97.96,86.91,63.44,24.27,3.29,9/19/2023,9/25/2023,1
20230912,WI,2.04,97.96,86.69,59.41,21.62,1.77,9/12/2023,9/18/2023,1
20230905,WI,3.34,96.66,84.46,58.26,24.39,2.44,9/5/2023,9/11/2023,1
20230829,WI,3.31,96.69,81.62,51.8,16.76,0.66,8/29/2023,9/4/2023,1
20230822,WI,3.31,96.69,78.35,44.14,12.9,0.66,8/22/2023,8/28/2023,1
20230815,WI,3.31,96.69,78.35,42.85,11.29,0.66,8/15/2023,8/21/2023,1
20230808,WI,2.02,97.98,82.18,47.02,17.96,0.32,8/8/2023,8/14/2023,1
20230801,WI,2.06,97.94,80.64,41.92,12.15,0,8/1/2023,8/7/2023,1
20230725,WI,0,100,82.44,46.51,12.7,0,7/25/2023,7/31/2023,1
20230718,WI,0,100,82.02,42.05,8.68,0,7/18/2023,7/24/2023,1
20230711,WI,0,100,90.35,43.65,10.33,0,7/11/2023,7/17/2023,1
20230704,WI,0,100,92.75,27.36,2.74,0,7/4/2023,7/10/2023,1
20230627,WI,0,100,81.54,16.67,0,0,6/27/2023,7/3/2023,1
20230620,WI,0,100,78.16,7.94,0,0,6/20/2023,6/26/2023,1
20230613,WI,9.21,90.79,46.16,0,0,0,6/13/2023,6/19/2023,1
20230606,WI,11.29,88.71,25.34,0,0,0,6/6/2023,6/12/2023,1
20230530,WI,33.62,66.38,0.05,0,0,0,5/30/2023,6/5/2023,1
20230523,WI,99.18,0.82,0,0,0,0,5/23/2023,5/29/2023,1
20230516,WI,100,0,0,0,0,0,5/16/2023,5/22/2023,1
20230509,WI,100,0,0,0,0,0,5/9/2023,5/15/2023,1
20230502,WI,100,0,0,0,0,0,5/2/2023,5/8/2023,1
20230425,WI,100,0,0,0,0,0,4/25/2023,5/1/2023,1
20230418,WI,100,0,0,0,0,0,4/18/2023,4/24/2023,1
20230411,WI,100,0,0,0,0,0,4/11/2023,4/17/2023,1
20230404,WI,100,0,0,0,0,0,4/4/2023,4/10/2023,1
20230328,WI,100,0,0,0,0,0,3/28/2023,4/3/2023,1
20230321,WI,100,0,0,0,0,0,3/21/2023,3/27/2023,1
20230314,WI,100,0,0,0,0,0,3/14/2023,3/20/2023,1
20230307,WI,98.96,1.04,0,0,0,0,3/7/2023,3/13/2023,1
20230228,WI,98.61,1.39,0,0,0,0,2/28/2023,3/6/2023,1
20230221,WI,96.98,3.02,0.55,0,0,0,2/21/2023,2/27/2023,1
20230214,WI,96.99,3.01,1.97,0,0,0,2/14/2023,2/20/2023,1
20230207,WI,96.49,3.51,1.97,0,0,0,2/7/2023,2/13/2023,1
20230131,WI,94.63,5.37,1.97,0,0,0,1/31/2023,2/6/2023,1
20230124,WI,94.63,5.37,1.97,0,0,0,1/24/2023,1/30/2023,1
20230117,WI,91.1,8.9,1.97,0,0,0,1/17/2023,1/23/2023,1
20230110,WI,92.98,7.02,1.97,0,0,0,1/10/2023,1/16/2023,1
20230103,WI,67.99,32.01,5.71,1.84,0,0,1/3/2023,1/9/2023,1
20221227,WI,67.99,32.01,5.71,1.84,0,0,12/27/2022,1/2/2023,1
20221220,WI,67.99,32.01,7.73,1.84,0,0,12/20/2022,12/26/2022,1
20221213,WI,68.16,31.84,11.64,1.84,0,0,12/13/2022,12/19/2022,1
20221206,WI,68.16,31.84,11.64,1.84,0,0,12/6/2022,12/12/2022,1
20221129,WI,68.44,31.56,11.64,1.84,0,0,11/29/2022,12/5/2022,1
20221122,WI,68.37,31.63,11.61,1.84,0,0,11/22/2022,11/28/2022,1
20221115,WI,68.37,31.63,12.01,1.84,0,0,11/15/2022,11/21/2022,1
20221108,WI,59.74,40.26,16.2,3.95,0,0,11/8/2022,11/14/2022,1
20221101,WI,33.62,66.38,27.82,3.95,0,0,11/1/2022,11/7/2022,1
20221025,WI,33.62,66.38,24.91,3.95,0,0,10/25/2022,10/31/2022,1
20221018,WI,35.65,64.35,24.91,3.95,0,0,10/18/2022,10/24/2022,1
20221011,WI,42.13,57.87,19.01,3.95,0,0,10/11/2022,10/17/2022,1
20221004,WI,46.55,53.45,12.94,3.75,0,0,10/4/2022,10/10/2022,1
20220927,WI,63.94,36.06,11,3.37,0,0,9/27/2022,10/3/2022,1
20220920,WI,73.82,26.18,9.75,2.47,0,0,9/20/2022,9/26/2022,1
20220913,WI,83.6,16.4,6.14,0.7,0,0,9/13/2022,9/19/2022,1
20220906,WI,81.13,18.87,6.38,0,0,0,9/6/2022,9/12/2022,1
20220830,WI,81.19,18.81,6.38,0,0,0,8/30/2022,9/5/2022,1
20220823,WI,72.44,27.56,12.61,2.52,0,0,8/23/2022,8/29/2022,1
20220816,WI,63.14,36.86,13,2.52,0,0,8/16/2022,8/22/2022,1
20220809,WI,64.29,35.71,12.88,1.46,0,0,8/9/2022,8/15/2022,1
20220802,WI,51.59,48.41,16.78,1.03,0,0,8/2/2022,8/8/2022,1
20220726,WI,53.86,46.14,7.46,0,0,0,7/26/2022,8/1/2022,1
20220719,WI,65.11,34.89,5.21,0,0,0,7/19/2022,7/25/2022,1
20220712,WI,64.72,35.28,7.84,0,0,0,7/12/2022,7/18/2022,1
20220705,WI,57.21,42.79,7.74,0,0,0,7/5/2022,7/11/2022,1
20220628,WI,60.01,39.99,0,0,0,0,6/28/2022,7/4/2022,1
20220621,WI,83.47,16.53,0,0,0,0,6/21/2022,6/27/2022,1
20220614,WI,82.66,17.34,0,0,0,0,6/14/2022,6/20/2022,1
20220607,WI,76.84,23.16,0,0,0,0,6/7/2022,6/13/2022,1
20220531,WI,76.84,23.16,0,0,0,0,5/31/2022,6/6/2022,1
20220524,WI,75.47,24.53,0,0,0,0,5/24/2022,5/30/2022,1
20220517,WI,75.47,24.53,0,0,0,0,5/17/2022,5/23/2022,1
20220510,WI,75.47,24.53,0,0,0,0,5/10/2022,5/16/2022,1
20220503,WI,75.37,24.63,0,0,0,0,5/3/2022,5/9/2022,1
20220426,WI,75.37,24.63,0,0,0,0,4/26/2022,5/2/2022,1
20220419,WI,68.73,31.27,14.94,0,0,0,4/19/2022,4/25/2022,1
20220412,WI,67.05,32.95,16.66,0,0,0,4/12/2022,4/18/2022,1
20220405,WI,49.61,50.39,16.9,0,0,0,4/5/2022,4/11/2022,1
20220329,WI,29.95,70.05,26.42,0.72,0,0,3/29/2022,4/4/2022,1
20220322,WI,11.62,88.38,42.31,8.96,0,0,3/22/2022,3/28/2022,1
20220315,WI,11.62,88.38,56.16,8.96,0,0,3/15/2022,3/21/2022,1
20220308,WI,11.62,88.38,65.5,8.96,0,0,3/8/2022,3/14/2022,1
20220301,WI,7.92,92.08,70.66,8.96,0,0,3/1/2022,3/7/2022,1
20220222,WI,7.92,92.08,70.66,8.96,0,0,2/22/2022,2/28/2022,1
20220215,WI,7.92,92.08,70.66,8.96,0,0,2/15/2022,2/21/2022,1
20220208,WI,11.13,88.87,66.99,5.2,0,0,2/8/2022,2/14/2022,1
20220201,WI,11.13,88.87,56.69,5.2,0,0,2/1/2022,2/7/2022,1
20220125,WI,14.8,85.2,51.39,5.2,0,0,1/25/2022,1/31/2022,1
20220118,WI,14.8,85.2,51.39,5.2,0,0,1/18/2022,1/24/2022,1
20220111,WI,14.77,85.23,51.39,5.2,0,0,1/11/2022,1/17/2022,1
20220104,WI,15.02,84.98,50.08,6.47,0,0,1/4/2022,1/10/2022,1
20211228,WI,14.98,85.02,49.89,6.47,0,0,12/28/2021,1/3/2022,1
20211221,WI,14.94,85.06,51.22,4.7,0,0,12/21/2021,12/27/2021,1
20211214,WI,14.94,85.06,50.81,4.7,0,0,12/14/2021,12/20/2021,1
20211207,WI,15.04,84.96,46.61,2.08,0,0,12/7/2021,12/13/2021,1
20211130,WI,15.04,84.96,46.61,2.08,0,0,11/30/2021,12/6/2021,1
20211123,WI,15.04,84.96,46.61,2.08,0,0,11/23/2021,11/29/2021,1
20211116,WI,15.04,84.96,46.61,2.08,0,0,11/16/2021,11/22/2021,1
20211109,WI,6.03,93.97,44.64,2.08,0,0,11/9/2021,11/15/2021,1
20211102,WI,6.03,93.97,44.64,2.08,0,0,11/2/2021,11/8/2021,1
20211026,WI,19.51,80.49,15.02,2.08,0,0,10/26/2021,11/1/2021,1
20211019,WI,39.35,60.65,12.9,2.08,0,0,10/19/2021,10/25/2021,1
20211012,WI,56.14,43.86,12.9,2.2,0,0,10/12/2021,10/18/2021,1
20211005,WI,56.14,43.86,15.6,6.14,0.8,0,10/5/2021,10/11/2021,1
20210928,WI,68.42,31.58,15.58,6.14,0.8,0,9/28/2021,10/4/2021,1
20210921,WI,66.91,33.09,15.42,3.52,0.14,0,9/21/2021,9/27/2021,1
20210914,WI,62.87,37.13,18.18,4.07,0,0,9/14/2021,9/20/2021,1
20210907,WI,61.51,38.49,21.11,4.07,0,0,9/7/2021,9/13/2021,1
20210831,WI,65.58,34.42,19.83,1.33,0,0,8/31/2021,9/6/2021,1
20210824,WI,60.47,39.53,23.7,2.06,0,0,8/24/2021,8/30/2021,1
20210817,WI,63.55,36.45,18.55,2.06,0,0,8/17/2021,8/23/2021,1
20210810,WI,68.55,31.45,18.46,2.06,0,0,8/10/2021,8/16/2021,1
20210803,WI,62.15,37.85,23.09,2.35,0,0,8/3/2021,8/9/2021,1
20210727,WI,53.59,46.41,27.76,2.97,0,0,7/27/2021,8/2/2021,1
20210720,WI,47.51,52.49,28.15,2.82,0,0,7/20/2021,7/26/2021,1
20210713,WI,41.41,58.59,31.14,3.33,0.81,0,7/13/2021,7/19/2021,1
20210706,WI,36.04,63.96,34.44,2.19,0.81,0,7/6/2021,7/12/2021,1
20210629,WI,36.04,63.96,35.9,2.19,0.81,0,6/29/2021,7/5/2021,1
20210622,WI,23.46,76.54,51.27,6.36,0.81,0,6/22/2021,6/28/2021,1
20210615,WI,18.16,81.84,55.53,8.84,0.81,0,6/15/2021,6/21/2021,1
20210608,WI,18.16,81.84,34.25,5.09,0,0,6/8/2021,6/14/2021,1
20210601,WI,49.33,50.67,25.1,5.09,0,0,6/1/2021,6/7/2021,1
20210525,WI,49.33,50.67,24.18,0.18,0,0,5/25/2021,5/31/2021,1
20210518,WI,45.74,54.26,26.29,0.18,0,0,5/18/2021,5/24/2021,1
20210511,WI,57.9,42.1,26.19,0,0,0,5/11/2021,5/17/2021,1
20210504,WI,57.9,42.1,26.19,0,0,0,5/4/2021,5/10/2021,1
20210427,WI,48.52,51.48,22.67,0,0,0,4/27/2021,5/3/2021,1
20210420,WI,63.24,36.76,0.74,0,0,0,4/20/2021,4/26/2021,1
20210413,WI,62.34,37.66,0.74,0,0,0,4/13/2021,4/19/2021,1
20210406,WI,10.35,89.65,0.74,0,0,0,4/6/2021,4/12/2021,1
20210330,WI,10.34,89.66,0,0,0,0,3/30/2021,4/5/2021,1
20210323,WI,0.4,99.6,0.02,0,0,0,3/23/2021,3/29/2021,1
20210316,WI,8.24,91.76,0.01,0,0,0,3/16/2021,3/22/2021,1
20210309,WI,8.28,91.72,0.01,0,0,0,3/9/2021,3/15/2021,1
20210302,WI,39.18,60.82,0.01,0,0,0,3/2/2021,3/8/2021,1
20210223,WI,39.21,60.79,0.01,0,0,0,2/23/2021,3/1/2021,1
20210216,WI,39.21,60.79,0.01,0,0,0,2/16/2021,2/22/2021,1
20210209,WI,57.63,42.37,0.01,0,0,0,2/9/2021,2/15/2021,1
20210202,WI,53.19,46.81,0.01,0,0,0,2/2/2021,2/8/2021,1
20210126,WI,53.25,46.75,0.01,0,0,0,1/26/2021,2/1/2021,1
20210119,WI,53.25,46.75,0.01,0,0,0,1/19/2021,1/25/2021,1
20210112,WI,52,48,0.01,0,0,0,1/12/2021,1/18/2021,1
20210105,WI,79.13,20.87,0,0,0,0,1/5/2021,1/11/2021,1
20201229,WI,79.11,20.89,0,0,0,0,12/29/2020,1/4/2021,1
20201222,WI,79.11,20.89,0,0,0,0,12/22/2020,12/28/2020,1
20201215,WI,79.15,20.85,0,0,0,0,12/15/2020,12/21/2020,1
20201208,WI,79.53,20.47,0,0,0,0,12/8/2020,12/14/2020,1
20201201,WI,79.73,20.27,0,0,0,0,12/1/2020,12/7/2020,1
20201124,WI,93.62,6.38,0,0,0,0,11/24/2020,11/30/2020,1
20201117,WI,93.62,6.38,0,0,0,0,11/17/2020,11/23/2020,1
20201110,WI,89.86,10.14,0,0,0,0,11/10/2020,11/16/2020,1
20201103,WI,89.86,10.14,0,0,0,0,11/3/2020,11/9/2020,1
20201027,WI,89.85,10.15,0,0,0,0,10/27/2020,11/2/2020,1
20201020,WI,83.93,16.07,1.19,0,0,0,10/20/2020,10/26/2020,1
20201013,WI,83.93,16.07,1.19,0,0,0,10/13/2020,10/19/2020,1
20201006,WI,80.71,19.29,1.41,0,0,0,10/6/2020,10/12/2020,1
20200929,WI,80.78,19.22,0,0,0,0,9/29/2020,10/5/2020,1
20200922,WI,90.7,9.3,0,0,0,0,9/22/2020,9/28/2020,1
20200915,WI,91.91,8.09,0,0,0,0,9/15/2020,9/21/2020,1
20200908,WI,83.6,16.4,0,0,0,0,9/8/2020,9/14/2020,1
20200901,WI,89.87,10.13,0,0,0,0,9/1/2020,9/7/2020,1
20200825,WI,76.98,23.02,1.47,0,0,0,8/25/2020,8/31/2020,1
20200818,WI,89.09,10.91,1.47,0,0,0,8/18/2020,8/24/2020,1
20200811,WI,94.58,5.42,0.03,0,0,0,8/11/2020,8/17/2020,1
20200804,WI,93.32,6.68,0.21,0,0,0,8/4/2020,8/10/2020,1
20200728,WI,98.53,1.47,0.21,0,0,0,7/28/2020,8/3/2020,1
20200721,WI,96.37,3.63,0.6,0.09,0,0,7/21/2020,7/27/2020,1
20200714,WI,95.99,4.01,1.37,0.1,0,0,7/14/2020,7/20/2020,1
20200707,WI,90.37,9.63,2.33,0.22,0,0,7/7/2020,7/13/2020,1
20200630,WI,92.34,7.66,1.97,0,0,0,6/30/2020,7/6/2020,1
20200623,WI,98.88,1.12,0,0,0,0,6/23/2020,6/29/2020,1
20200616,WI,98.9,1.1,0,0,0,0,6/16/2020,6/22/2020,1
20200609,WI,98.9,1.1,0,0,0,0,6/9/2020,6/15/2020,1
20200602,WI,98.9,1.1,0,0,0,0,6/2/2020,6/8/2020,1
20200526,WI,90.52,9.48,0,0,0,0,5/26/2020,6/1/2020,1
20200519,WI,91.18,8.82,0,0,0,0,5/19/2020,5/25/2020,1
20200512,WI,98.66,1.34,0,0,0,0,5/12/2020,5/18/2020,1
20200505,WI,100,0,0,0,0,0,5/5/2020,5/11/2020,1
20200428,WI,100,0,0,0,0,0,4/28/2020,5/4/2020,1
20200421,WI,100,0,0,0,0,0,4/21/2020,4/27/2020,1
20200414,WI,100,0,0,0,0,0,4/14/2020,4/20/2020,1
20200407,WI,100,0,0,0,0,0,4/7/2020,4/13/2020,1
20200331,WI,100,0,0,0,0,0,3/31/2020,4/6/2020,1
20200324,WI,100,0,0,0,0,0,3/24/2020,3/30/2020,1
20200317,WI,100,0,0,0,0,0,3/17/2020,3/23/2020,1
20200310,WI,100,0,0,0,0,0,3/10/2020,3/16/2020,1
20200303,WI,100,0,0,0,0,0,3/3/2020,3/9/2020,1
20200225,WI,100,0,0,0,0,0,2/25/2020,3/2/2020,1
20200218,WI,100,0,0,0,0,0,2/18/2020,2/24/2020,1
20200211,WI,100,0,0,0,0,0,2/11/2020,2/17/2020,1
20200204,WI,100,0,0,0,0,0,2/4/2020,2/10/2020,1
20200128,WI,100,0,0,0,0,0,1/28/2020,2/3/2020,1
20200121,WI,100,0,0,0,0,0,1/21/2020,1/27/2020,1
20200114,WI,100,0,0,0,0,0,1/14/2020,1/20/2020,1
20200107,WI,100,0,0,0,0,0,1/7/2020,1/13/2020,1
20191231,WI,100,0,0,0,0,0,12/31/2019,1/6/2020,1
20191224,WI,100,0,0,0,0,0,12/24/2019,12/30/2019,1
20191217,WI,100,0,0,0,0,0,12/17/2019,12/23/2019,1
20191210,WI,100,0,0,0,0,0,12/10/2019,12/16/2019,1
20191203,WI,100,0,0,0,0,0,12/3/2019,12/9/2019,1
20191126,WI,100,0,0,0,0,0,11/26/2019,12/2/2019,1
20191119,WI,100,0,0,0,0,0,11/19/2019,11/25/2019,1
20191112,WI,100,0,0,0,0,0,11/12/2019,11/18/2019,1
20191105,WI,100,0,0,0,0,0,11/5/2019,11/11/2019,1
20191029,WI,100,0,0,0,0,0,10/29/2019,11/4/2019,1
20191022,WI,100,0,0,0,0,0,10/22/2019,10/28/2019,1
20191015,WI,100,0,0,0,0,0,10/15/2019,10/21/2019,1
20191008,WI,100,0,0,0,0,0,10/8/2019,10/14/2019,1
20191001,WI,100,0,0,0,0,0,10/1/2019,10/7/2019,1
20190924,WI,100,0,0,0,0,0,9/24/2019,9/30/2019,1
20190917,WI,100,0,0,0,0,0,9/17/2019,9/23/2019,1
20190910,WI,97.66,2.34,0,0,0,0,9/10/2019,9/16/2019,1
20190903,WI,97.22,2.78,0,0,0,0,9/3/2019,9/9/2019,1
20190827,WI,98.56,1.44,0,0,0,0,8/27/2019,9/2/2019,1
20190820,WI,98.66,1.34,0,0,0,0,8/20/2019,8/26/2019,1
20190813,WI,98.66,1.34,0,0,0,0,8/13/2019,8/19/2019,1
20190806,WI,98.78,1.22,0,0,0,0,8/6/2019,8/12/2019,1
20190730,WI,100,0,0,0,0,0,7/30/2019,8/5/2019,1
20190723,WI,100,0,0,0,0,0,7/23/2019,7/29/2019,1
20190716,WI,98.24,1.76,0,0,0,0,7/16/2019,7/22/2019,1
20190709,WI,96.56,3.44,0,0,0,0,7/9/2019,7/15/2019,1
20190702,WI,100,0,0,0,0,0,7/2/2019,7/8/2019,1
20190625,WI,100,0,0,0,0,0,6/25/2019,7/1/2019,1
20190618,WI,100,0,0,0,0,0,6/18/2019,6/24/2019,1
20190611,WI,100,0,0,0,0,0,6/11/2019,6/17/2019,1
20190604,WI,100,0,0,0,0,0,6/4/2019,6/10/2019,1
20190528,WI,100,0,0,0,0,0,5/28/2019,6/3/2019,1
20190521,WI,100,0,0,0,0,0,5/21/2019,5/27/2019,1
20190514,WI,100,0,0,0,0,0,5/14/2019,5/20/2019,1
20190507,WI,100,0,0,0,0,0,5/7/2019,5/13/2019,1
20190430,WI,100,0,0,0,0,0,4/30/2019,5/6/2019,1
20190423,WI,100,0,0,0,0,0,4/23/2019,4/29/2019,1
20190416,WI,100,0,0,0,0,0,4/16/2019,4/22/2019,1
20190409,WI,100,0,0,0,0,0,4/9/2019,4/15/2019,1
20190402,WI,100,0,0,0,0,0,4/2/2019,4/8/2019,1
20190326,WI,100,0,0,0,0,0,3/26/2019,4/1/2019,1
20190319,WI,100,0,0,0,0,0,3/19/2019,3/25/2019,1
20190312,WI,100,0,0,0,0,0,3/12/2019,3/18/2019,1
20190305,WI,100,0,0,0,0,0,3/5/2019,3/11/2019,1
20190226,WI,100,0,0,0,0,0,2/26/2019,3/4/2019,1
20190219,WI,100,0,0,0,0,0,2/19/2019,2/25/2019,1
20190212,WI,100,0,0,0,0,0,2/12/2019,2/18/2019,1
20190205,WI,100,0,0,0,0,0,2/5/2019,2/11/2019,1
20190129,WI,100,0,0,0,0,0,1/29/2019,2/4/2019,1
20190122,WI,100,0,0,0,0,0,1/22/2019,1/28/2019,1
20190115,WI,100,0,0,0,0,0,1/15/2019,1/21/2019,1
20190108,WI,100,0,0,0,0,0,1/8/2019,1/14/2019,1
20190101,WI,100,0,0,0,0,0,1/1/2019,1/7/2019,1
20181225,WI,100,0,0,0,0,0,12/25/2018,12/31/2018,1
20181218,WI,100,0,0,0,0,0,12/18/2018,12/24/2018,1
20181211,WI,100,0,0,0,0,0,12/11/2018,12/17/2018,1
20181204,WI,100,0,0,0,0,0,12/4/2018,12/10/2018,1
20181127,WI,100,0,0,0,0,0,11/27/2018,12/3/2018,1
20181120,WI,100,0,0,0,0,0,11/20/2018,11/26/2018,1
20181113,WI,100,0,0,0,0,0,11/13/2018,11/19/2018,1
20181106,WI,100,0,0,0,0,0,11/6/2018,11/12/2018,1
20181030,WI,100,0,0,0,0,0,10/30/2018,11/5/2018,1
20181023,WI,100,0,0,0,0,0,10/23/2018,10/29/2018,1
20181016,WI,100,0,0,0,0,0,10/16/2018,10/22/2018,1
20181009,WI,100,0,0,0,0,0,10/9/2018,10/15/2018,1
20181002,WI,100,0,0,0,0,0,10/2/2018,10/8/2018,1
20180925,WI,100,0,0,0,0,0,9/25/2018,10/1/2018,1
20180918,WI,100,0,0,0,0,0,9/18/2018,9/24/2018,1
20180911,WI,100,0,0,0,0,0,9/11/2018,9/17/2018,1
20180904,WI,98.86,1.14,0,0,0,0,9/4/2018,9/10/2018,1
20180828,WI,67.67,32.33,1.89,0,0,0,8/28/2018,9/3/2018,1
20180821,WI,57.54,42.46,3.97,0,0,0,8/21/2018,8/27/2018,1
20180814,WI,57.54,42.46,3.97,0,0,0,8/14/2018,8/20/2018,1
20180807,WI,62.32,37.68,0,0,0,0,8/7/2018,8/13/2018,1
20180731,WI,60.87,39.13,0,0,0,0,7/31/2018,8/6/2018,1
20180724,WI,60.06,39.94,0,0,0,0,7/24/2018,7/30/2018,1
20180717,WI,99.17,0.83,0,0,0,0,7/17/2018,7/23/2018,1
20180710,WI,100,0,0,0,0,0,7/10/2018,7/16/2018,1
20180703,WI,100,0,0,0,0,0,7/3/2018,7/9/2018,1
20180626,WI,100,0,0,0,0,0,6/26/2018,7/2/2018,1
20180619,WI,100,0,0,0,0,0,6/19/2018,6/25/2018,1
20180612,WI,61.9,38.1,0,0,0,0,6/12/2018,6/18/2018,1
20180605,WI,84.88,15.12,0,0,0,0,6/5/2018,6/11/2018,1
20180529,WI,71.37,28.63,0,0,0,0,5/29/2018,6/4/2018,1
20180522,WI,71.37,28.63,0,0,0,0,5/22/2018,5/28/2018,1
20180515,WI,77.89,22.11,0,0,0,0,5/15/2018,5/21/2018,1
20180508,WI,98.71,1.29,0,0,0,0,5/8/2018,5/14/2018,1
20180501,WI,96.3,3.7,0,0,0,0,5/1/2018,5/7/2018,1
20180424,WI,96.3,3.7,0,0,0,0,4/24/2018,4/30/2018,1
20180417,WI,96.3,3.7,0,0,0,0,4/17/2018,4/23/2018,1
20180410,WI,52.95,47.05,0,0,0,0,4/10/2018,4/16/2018,1
20180403,WI,52.84,47.16,0,0,0,0,4/3/2018,4/9/2018,1
20180327,WI,42.65,57.35,0,0,0,0,3/27/2018,4/2/2018,1
20180320,WI,81.83,18.17,0,0,0,0,3/20/2018,3/26/2018,1
20180313,WI,100,0,0,0,0,0,3/13/2018,3/19/2018,1
20180306,WI,100,0,0,0,0,0,3/6/2018,3/12/2018,1
20180227,WI,100,0,0,0,0,0,2/27/2018,3/5/2018,1
20180220,WI,100,0,0,0,0,0,2/20/2018,2/26/2018,1
20180213,WI,85.62,14.38,0,0,0,0,2/13/2018,2/19/2018,1
20180206,WI,73.35,26.65,0,0,0,0,2/6/2018,2/12/2018,1
20180130,WI,73.27,26.73,0,0,0,0,1/30/2018,2/5/2018,1
20180123,WI,73.27,26.73,0,0,0,0,1/23/2018,1/29/2018,1
20180116,WI,73.27,26.73,0,0,0,0,1/16/2018,1/22/2018,1
20180109,WI,99.92,0.08,0,0,0,0,1/9/2018,1/15/2018,1
20180102,WI,99.92,0.08,0,0,0,0,1/2/2018,1/8/2018,1
20171226,WI,99.92,0.08,0,0,0,0,12/26/2017,1/1/2018,1
20171219,WI,99.92,0.08,0,0,0,0,12/19/2017,12/25/2017,1
20171212,WI,97.74,2.26,0,0,0,0,12/12/2017,12/18/2017,1
20171205,WI,97.82,2.18,0,0,0,0,12/5/2017,12/11/2017,1
20171128,WI,97.82,2.18,0,0,0,0,11/28/2017,12/4/2017,1
20171121,WI,97.82,2.18,0,0,0,0,11/21/2017,11/27/2017,1
20171114,WI,97.82,2.18,0,0,0,0,11/14/2017,11/20/2017,1
20171107,WI,97.82,2.18,0,0,0,0,11/7/2017,11/13/2017,1
20171031,WI,94.75,5.25,0,0,0,0,10/31/2017,11/6/2017,1
20171024,WI,93.76,6.24,0,0,0,0,10/24/2017,10/30/2017,1
20171017,WI,91.43,8.57,0.33,0,0,0,10/17/2017,10/23/2017,1
20171010,WI,45.05,54.95,2.61,0,0,0,10/10/2017,10/16/2017,1
20171003,WI,45.05,54.95,4.94,0,0,0,10/3/2017,10/9/2017,1
20170926,WI,69.64,30.36,4.94,0,0,0,9/26/2017,10/2/2017,1
20170919,WI,74.78,25.22,5.8,0,0,0,9/19/2017,9/25/2017,1
20170912,WI,84.16,15.84,0,0,0,0,9/12/2017,9/18/2017,1
20170905,WI,100,0,0,0,0,0,9/5/2017,9/11/2017,1
20170829,WI,100,0,0,0,0,0,8/29/2017,9/4/2017,1
20170822,WI,100,0,0,0,0,0,8/22/2017,8/28/2017,1
20170815,WI,100,0,0,0,0,0,8/15/2017,8/21/2017,1
20170808,WI,100,0,0,0,0,0,8/8/2017,8/14/2017,1
20170801,WI,100,0,0,0,0,0,8/1/2017,8/7/2017,1
20170725,WI,100,0,0,0,0,0,7/25/2017,7/31/2017,1
20170718,WI,100,0,0,0,0,0,7/18/2017,7/24/2017,1
20170711,WI,100,0,0,0,0,0,7/11/2017,7/17/2017,1
20170704,WI,100,0,0,0,0,0,7/4/2017,7/10/2017,1
20170627,WI,100,0,0,0,0,0,6/27/2017,7/3/2017,1
20170620,WI,100,0,0,0,0,0,6/20/2017,6/26/2017,1
20170613,WI,100,0,0,0,0,0,6/13/2017,6/19/2017,1
20170606,WI,100,0,0,0,0,0,6/6/2017,6/12/2017,1
20170530,WI,100,0,0,0,0,0,5/30/2017,6/5/2017,1
20170523,WI,100,0,0,0,0,0,5/23/2017,5/29/2017,1
20170516,WI,100,0,0,0,0,0,5/16/2017,5/22/2017,1
20170509,WI,100,0,0,0,0,0,5/9/2017,5/15/2017,1
20170502,WI,100,0,0,0,0,0,5/2/2017,5/8/2017,1
20170425,WI,100,0,0,0,0,0,4/25/2017,5/1/2017,1
20170418,WI,100,0,0,0,0,0,4/18/2017,4/24/2017,1
20170411,WI,100,0,0,0,0,0,4/11/2017,4/17/2017,1
20170404,WI,100,0,0,0,0,0,4/4/2017,4/10/2017,1
20170328,WI,100,0,0,0,0,0,3/28/2017,4/3/2017,1
20170321,WI,100,0,0,0,0,0,3/21/2017,3/27/2017,1
20170314,WI,100,0,0,0,0,0,3/14/2017,3/20/2017,1
20170307,WI,100,0,0,0,0,0,3/7/2017,3/13/2017,1
20170228,WI,100,0,0,0,0,0,2/28/2017,3/6/2017,1
20170221,WI,100,0,0,0,0,0,2/21/2017,2/27/2017,1
20170214,WI,100,0,0,0,0,0,2/14/2017,2/20/2017,1
20170207,WI,100,0,0,0,0,0,2/7/2017,2/13/2017,1
20170131,WI,100,0,0,0,0,0,1/31/2017,2/6/2017,1
20170124,WI,100,0,0,0,0,0,1/24/2017,1/30/2017,1
20170117,WI,100,0,0,0,0,0,1/17/2017,1/23/2017,1
20170110,WI,100,0,0,0,0,0,1/10/2017,1/16/2017,1
20170103,WI,100,0,0,0,0,0,1/3/2017,1/9/2017,1
20161227,WI,100,0,0,0,0,0,12/27/2016,1/2/2017,1
20161220,WI,100,0,0,0,0,0,12/20/2016,12/26/2016,1
20161213,WI,100,0,0,0,0,0,12/13/2016,12/19/2016,1
20161206,WI,100,0,0,0,0,0,12/6/2016,12/12/2016,1
20161129,WI,100,0,0,0,0,0,11/29/2016,12/5/2016,1
20161122,WI,100,0,0,0,0,0,11/22/2016,11/28/2016,1
20161115,WI,100,0,0,0,0,0,11/15/2016,11/21/2016,1
20161108,WI,100,0,0,0,0,0,11/8/2016,11/14/2016,1
20161101,WI,100,0,0,0,0,0,11/1/2016,11/7/2016,1
20161025,WI,100,0,0,0,0,0,10/25/2016,10/31/2016,1
20161018,WI,100,0,0,0,0,0,10/18/2016,10/24/2016,1
20161011,WI,100,0,0,0,0,0,10/11/2016,10/17/2016,1
20161004,WI,100,0,0,0,0,0,10/4/2016,10/10/2016,1
20160927,WI,100,0,0,0,0,0,9/27/2016,10/3/2016,1
20160920,WI,100,0,0,0,0,0,9/20/2016,9/26/2016,1
20160913,WI,100,0,0,0,0,0,9/13/2016,9/19/2016,1
20160906,WI,96.62,3.38,0,0,0,0,9/6/2016,9/12/2016,1
20160830,WI,96.62,3.38,0,0,0,0,8/30/2016,9/5/2016,1
20160823,WI,96.62,3.38,0,0,0,0,8/23/2016,8/29/2016,1
20160816,WI,96.54,3.46,0,0,0,0,8/16/2016,8/22/2016,1
20160809,WI,98.33,1.67,0,0,0,0,8/9/2016,8/15/2016,1
20160802,WI,98.33,1.67,0,0,0,0,8/2/2016,8/8/2016,1
20160726,WI,98.33,1.67,0,0,0,0,7/26/2016,8/1/2016,1
20160719,WI,95.75,4.25,0,0,0,0,7/19/2016,7/25/2016,1
20160712,WI,95.75,4.25,0,0,0,0,7/12/2016,7/18/2016,1
20160705,WI,97.33,2.67,0,0,0,0,7/5/2016,7/11/2016,1
20160628,WI,100,0,0,0,0,0,6/28/2016,7/4/2016,1
20160621,WI,100,0,0,0,0,0,6/21/2016,6/27/2016,1
20160614,WI,86.43,13.57,0,0,0,0,6/14/2016,6/20/2016,1
20160607,WI,86.43,13.57,0,0,0,0,6/7/2016,6/13/2016,1
20160531,WI,79.54,20.46,0,0,0,0,5/31/2016,6/6/2016,1
20160524,WI,100,0,0,0,0,0,5/24/2016,5/30/2016,1
20160517,WI,100,0,0,0,0,0,5/17/2016,5/23/2016,1
20160510,WI,100,0,0,0,0,0,5/10/2016,5/16/2016,1
20160503,WI,100,0,0,0,0,0,5/3/2016,5/9/2016,1
20160426,WI,100,0,0,0,0,0,4/26/2016,5/2/2016,1
20160419,WI,100,0,0,0,0,0,4/19/2016,4/25/2016,1
20160412,WI,100,0,0,0,0,0,4/12/2016,4/18/2016,1
20160405,WI,100,0,0,0,0,0,4/5/2016,4/11/2016,1
20160329,WI,100,0,0,0,0,0,3/29/2016,4/4/2016,1
20160322,WI,100,0,0,0,0,0,3/22/2016,3/28/2016,1
20160315,WI,100,0,0,0,0,0,3/15/2016,3/21/2016,1
20160308,WI,100,0,0,0,0,0,3/8/2016,3/14/2016,1
20160301,WI,100,0,0,0,0,0,3/1/2016,3/7/2016,1
20160223,WI,100,0,0,0,0,0,2/23/2016,2/29/2016,1
20160216,WI,100,0,0,0,0,0,2/16/2016,2/22/2016,1
20160209,WI,100,0,0,0,0,0,2/9/2016,2/15/2016,1
20160202,WI,100,0,0,0,0,0,2/2/2016,2/8/2016,1
20160126,WI,100,0,0,0,0,0,1/26/2016,2/1/2016,1
20160119,WI,100,0,0,0,0,0,1/19/2016,1/25/2016,1
20160112,WI,100,0,0,0,0,0,1/12/2016,1/18/2016,1
20160105,WI,100,0,0,0,0,0,1/5/2016,1/11/2016,1
20151229,WI,100,0,0,0,0,0,12/29/2015,1/4/2016,1
20151222,WI,100,0,0,0,0,0,12/22/2015,12/28/2015,1
20151215,WI,100,0,0,0,0,0,12/15/2015,12/21/2015,1
20151208,WI,99.18,0.82,0,0,0,0,12/8/2015,12/14/2015,1
20151201,WI,90.19,9.81,0,0,0,0,12/1/2015,12/7/2015,1
20151124,WI,90.19,9.81,0,0,0,0,11/24/2015,11/30/2015,1
20151117,WI,86.26,13.74,0.27,0,0,0,11/17/2015,11/23/2015,1
20151110,WI,86.26,13.74,0.27,0,0,0,11/10/2015,11/16/2015,1
20151103,WI,86.99,13.01,0.27,0,0,0,11/3/2015,11/9/2015,1
20151027,WI,72.96,27.04,3.5,0,0,0,10/27/2015,11/2/2015,1
20151020,WI,72.96,27.04,3.49,0,0,0,10/20/2015,10/26/2015,1
20151013,WI,74.21,25.79,2.48,0,0,0,10/13/2015,10/19/2015,1
20151006,WI,78.07,21.93,1.69,0,0,0,10/6/2015,10/12/2015,1
20150929,WI,90.77,9.23,1.79,0,0,0,9/29/2015,10/5/2015,1
20150922,WI,91.74,8.26,1.79,0,0,0,9/22/2015,9/28/2015,1
20150915,WI,89.38,10.62,3.11,0,0,0,9/15/2015,9/21/2015,1
20150908,WI,89.38,10.62,3.11,0,0,0,9/8/2015,9/14/2015,1
20150901,WI,87.88,12.12,3.47,0,0,0,9/1/2015,9/7/2015,1
20150825,WI,84.63,15.37,6.12,0,0,0,8/25/2015,8/31/2015,1
20150818,WI,84.64,15.36,6.28,0,0,0,8/18/2015,8/24/2015,1
20150811,WI,88.41,11.59,6.28,0,0,0,8/11/2015,8/17/2015,1
20150804,WI,73.93,26.07,0,0,0,0,8/4/2015,8/10/2015,1
20150728,WI,95.16,4.84,0,0,0,0,7/28/2015,8/3/2015,1
20150721,WI,100,0,0,0,0,0,7/21/2015,7/27/2015,1
20150714,WI,100,0,0,0,0,0,7/14/2015,7/20/2015,1
20150707,WI,100,0,0,0,0,0,7/7/2015,7/13/2015,1
20150630,WI,93.12,6.88,0,0,0,0,6/30/2015,7/6/2015,1
20150623,WI,93.03,6.97,0,0,0,0,6/23/2015,6/29/2015,1
20150616,WI,93.03,6.97,0,0,0,0,6/16/2015,6/22/2015,1
20150609,WI,93.03,6.97,0,0,0,0,6/9/2015,6/15/2015,1
20150602,WI,77.07,22.93,2.95,0,0,0,6/2/2015,6/8/2015,1
20150526,WI,32.02,67.98,17.03,0,0,0,5/26/2015,6/1/2015,1
20150519,WI,8.49,91.51,47.33,0,0,0,5/19/2015,5/25/2015,1
20150512,WI,8.49,91.51,48.08,0,0,0,5/12/2015,5/18/2015,1
20150505,WI,8.49,91.51,48.08,0,0,0,5/5/2015,5/11/2015,1
20150428,WI,8.37,91.63,48.08,0,0,0,4/28/2015,5/4/2015,1
20150421,WI,8.37,91.63,48.26,0,0,0,4/21/2015,4/27/2015,1
20150414,WI,8.37,91.63,48.26,0,0,0,4/14/2015,4/20/2015,1
20150407,WI,0,100,55.36,0,0,0,4/7/2015,4/13/2015,1
20150331,WI,0,100,55.36,0,0,0,3/31/2015,4/6/2015,1
20150324,WI,1.56,98.44,12,0,0,0,3/24/2015,3/30/2015,1
20150317,WI,11.66,88.34,12,0,0,0,3/17/2015,3/23/2015,1
20150310,WI,11.55,88.45,0,0,0,0,3/10/2015,3/16/2015,1
20150303,WI,83.95,16.05,0,0,0,0,3/3/2015,3/9/2015,1
20150224,WI,83.95,16.05,0,0,0,0,2/24/2015,3/2/2015,1
20150217,WI,83.95,16.05,0,0,0,0,2/17/2015,2/23/2015,1
20150210,WI,83.95,16.05,0,0,0,0,2/10/2015,2/16/2015,1
20150203,WI,83.95,16.05,0,0,0,0,2/3/2015,2/9/2015,1
20150127,WI,81.93,18.07,0,0,0,0,1/27/2015,2/2/2015,1
20150120,WI,100,0,0,0,0,0,1/20/2015,1/26/2015,1
20150113,WI,100,0,0,0,0,0,1/13/2015,1/19/2015,1
20150106,WI,100,0,0,0,0,0,1/6/2015,1/12/2015,1
20141230,WI,100,0,0,0,0,0,12/30/2014,1/5/2015,1
20141223,WI,100,0,0,0,0,0,12/23/2014,12/29/2014,1
20141216,WI,100,0,0,0,0,0,12/16/2014,12/22/2014,1
20141209,WI,100,0,0,0,0,0,12/9/2014,12/15/2014,1
20141202,WI,100,0,0,0,0,0,12/2/2014,12/8/2014,1
20141125,WI,100,0,0,0,0,0,11/25/2014,12/1/2014,1
20141118,WI,100,0,0,0,0,0,11/18/2014,11/24/2014,1
20141111,WI,100,0,0,0,0,0,11/11/2014,11/17/2014,1
20141104,WI,100,0,0,0,0,0,11/4/2014,11/10/2014,1
20141028,WI,100,0,0,0,0,0,10/28/2014,11/3/2014,1
20141021,WI,100,0,0,0,0,0,10/21/2014,10/27/2014,1
20141014,WI,100,0,0,0,0,0,10/14/2014,10/20/2014,1
20141007,WI,92.99,7.01,0,0,0,0,10/7/2014,10/13/2014,1
20140930,WI,92.99,7.01,0,0,0,0,9/30/2014,10/6/2014,1
20140923,WI,96.19,3.81,0,0,0,0,9/23/2014,9/29/2014,1
20140916,WI,96.19,3.81,0,0,0,0,9/16/2014,9/22/2014,1
20140909,WI,95.62,4.38,0,0,0,0,9/9/2014,9/15/2014,1
20140902,WI,93.92,6.08,0,0,0,0,9/2/2014,9/8/2014,1
20140826,WI,85.03,14.97,0,0,0,0,8/26/2014,9/1/2014,1
20140819,WI,84.52,15.48,0,0,0,0,8/19/2014,8/25/2014,1
20140812,WI,88.6,11.4,0,0,0,0,8/12/2014,8/18/2014,1
20140805,WI,89.73,10.27,0,0,0,0,8/5/2014,8/11/2014,1
20140729,WI,100,0,0,0,0,0,7/29/2014,8/4/2014,1
20140722,WI,100,0,0,0,0,0,7/22/2014,7/28/2014,1
20140715,WI,100,0,0,0,0,0,7/15/2014,7/21/2014,1
20140708,WI,100,0,0,0,0,0,7/8/2014,7/14/2014,1
20140701,WI,100,0,0,0,0,0,7/1/2014,7/7/2014,1
20140624,WI,100,0,0,0,0,0,6/24/2014,6/30/2014,1
20140617,WI,100,0,0,0,0,0,6/17/2014,6/23/2014,1
20140610,WI,100,0,0,0,0,0,6/10/2014,6/16/2014,1
20140603,WI,100,0,0,0,0,0,6/3/2014,6/9/2014,1
20140527,WI,100,0,0,0,0,0,5/27/2014,6/2/2014,1
20140520,WI,100,0,0,0,0,0,5/20/2014,5/26/2014,1
20140513,WI,100,0,0,0,0,0,5/13/2014,5/19/2014,1
20140506,WI,94.99,5.01,0,0,0,0,5/6/2014,5/12/2014,1
20140429,WI,94.99,5.01,0,0,0,0,4/29/2014,5/5/2014,1
20140422,WI,82.2,17.8,4.85,0,0,0,4/22/2014,4/28/2014,1
20140415,WI,82.2,17.8,4.85,0,0,0,4/15/2014,4/21/2014,1
20140408,WI,55.63,44.37,9.04,0,0,0,4/8/2014,4/14/2014,1
20140401,WI,55.63,44.37,9.04,0,0,0,4/1/2014,4/7/2014,1
20140325,WI,55.63,44.37,9.04,0,0,0,3/25/2014,3/31/2014,1
20140318,WI,55.63,44.37,9.04,0,0,0,3/18/2014,3/24/2014,1
20140311,WI,64.84,35.16,9.04,0,0,0,3/11/2014,3/17/2014,1
20140304,WI,64.95,35.05,9.04,0,0,0,3/4/2014,3/10/2014,1
20140225,WI,64.95,35.05,9.04,0,0,0,2/25/2014,3/3/2014,1
20140218,WI,60.03,39.97,20.23,2.98,0,0,2/18/2014,2/24/2014,1
20140211,WI,59.94,40.06,23.1,4.12,0,0,2/11/2014,2/17/2014,1
20140204,WI,59.94,40.06,23.1,4.12,0,0,2/4/2014,2/10/2014,1
20140128,WI,59.94,40.06,23.1,4.12,0,0,1/28/2014,2/3/2014,1
20140121,WI,59.94,40.06,23.1,4.12,0,0,1/21/2014,1/27/2014,1
20140114,WI,59.94,40.06,23.1,4.12,0,0,1/14/2014,1/20/2014,1
20140107,WI,59.94,40.06,23.1,4.12,0,0,1/7/2014,1/13/2014,1
20131231,WI,59.94,40.06,23.1,4.12,0,0,12/31/2013,1/6/2014,1
20131224,WI,59.94,40.06,23.1,4.12,0,0,12/24/2013,12/30/2013,1
20131217,WI,59.94,40.06,23.1,4.12,0,0,12/17/2013,12/23/2013,1
20131210,WI,59.94,40.06,23.1,4.12,0,0,12/10/2013,12/16/2013,1
20131203,WI,59.75,40.25,23.1,4.12,0,0,12/3/2013,12/9/2013,1
20131126,WI,59.75,40.25,23.1,4.12,0,0,11/26/2013,12/2/2013,1
20131119,WI,59.75,40.25,23.1,4.12,0,0,11/19/2013,11/25/2013,1
20131112,WI,50.34,49.66,23.1,4.12,0,0,11/12/2013,11/18/2013,1
20131105,WI,46.43,53.57,26.98,6.06,0,0,11/5/2013,11/11/2013,1
20131029,WI,46.36,53.64,26.98,6.06,0,0,10/29/2013,11/4/2013,1
20131022,WI,46.36,53.64,26.98,6.06,0,0,10/22/2013,10/28/2013,1
20131015,WI,46.19,53.81,26.98,6.06,0,0,10/15/2013,10/21/2013,1
20131008,WI,45.97,54.03,26.98,8.55,0,0,10/8/2013,10/14/2013,1
20131001,WI,40.21,59.79,31.68,16.96,0,0,10/1/2013,10/7/2013,1
20130924,WI,40.51,59.49,31.68,16.96,0,0,9/24/2013,9/30/2013,1
20130917,WI,40.08,59.92,41.94,18.18,0,0,9/17/2013,9/23/2013,1
20130910,WI,40.96,59.04,42.86,18.18,0,0,9/10/2013,9/16/2013,1
20130903,WI,40.86,59.14,34.93,6.51,0,0,9/3/2013,9/9/2013,1
20130827,WI,38.36,61.64,20.91,0,0,0,8/27/2013,9/2/2013,1
20130820,WI,58.14,41.86,1.65,0,0,0,8/20/2013,8/26/2013,1
20130813,WI,76.92,23.08,0,0,0,0,8/13/2013,8/19/2013,1
20130806,WI,76.92,23.08,0,0,0,0,8/6/2013,8/12/2013,1
20130730,WI,100,0,0,0,0,0,7/30/2013,8/5/2013,1
20130723,WI,100,0,0,0,0,0,7/23/2013,7/29/2013,1
20130716,WI,100,0,0,0,0,0,7/16/2013,7/22/2013,1
20130709,WI,100,0,0,0,0,0,7/9/2013,7/15/2013,1
20130702,WI,100,0,0,0,0,0,7/2/2013,7/8/2013,1
20130625,WI,100,0,0,0,0,0,6/25/2013,7/1/2013,1
20130618,WI,100,0,0,0,0,0,6/18/2013,6/24/2013,1
20130611,WI,100,0,0,0,0,0,6/11/2013,6/17/2013,1
20130604,WI,100,0,0,0,0,0,6/4/2013,6/10/2013,1
20130528,WI,98.14,1.86,0,0,0,0,5/28/2013,6/3/2013,1
20130521,WI,96.57,3.43,0,0,0,0,5/21/2013,5/27/2013,1
20130514,WI,86.31,13.69,0.41,0,0,0,5/14/2013,5/20/2013,1
20130507,WI,86.31,13.69,0.41,0,0,0,5/7/2013,5/13/2013,1
20130430,WI,73.5,26.5,12.9,0,0,0,4/30/2013,5/6/2013,1
20130423,WI,73.5,26.5,12.9,0,0,0,4/23/2013,4/29/2013,1
20130416,WI,58.29,41.71,18.87,0,0,0,4/16/2013,4/22/2013,1
20130409,WI,29.63,70.37,48.27,21.59,0,0,4/9/2013,4/15/2013,1
20130402,WI,21.63,78.37,48.27,21.59,0,0,4/2/2013,4/8/2013,1
20130326,WI,21.63,78.37,48.27,21.53,0,0,3/26/2013,4/1/2013,1
20130319,WI,22.98,77.02,48.27,21.53,0,0,3/19/2013,3/25/2013,1
20130312,WI,16.13,83.87,60.37,21.53,0,0,3/12/2013,3/18/2013,1
20130305,WI,11.28,88.72,61.31,21.52,0,0,3/5/2013,3/11/2013,1
20130226,WI,11.35,88.65,61.79,21.52,0,0,2/26/2013,3/4/2013,1
20130219,WI,11.35,88.65,61.69,21.52,0,0,2/19/2013,2/25/2013,1
20130212,WI,11.35,88.65,61.69,21.52,0,0,2/12/2013,2/18/2013,1
20130205,WI,11.36,88.64,61.69,21.52,0,0,2/5/2013,2/11/2013,1
20130129,WI,11.44,88.56,61.87,24.39,0,0,1/29/2013,2/4/2013,1
20130122,WI,11.44,88.56,61.87,24.39,0,0,1/22/2013,1/28/2013,1
20130115,WI,11.44,88.56,61.87,24.39,0,0,1/15/2013,1/21/2013,1
20130108,WI,11.49,88.51,61.87,24.48,0,0,1/8/2013,1/14/2013,1
20130101,WI,11.5,88.5,61.46,24.48,0,0,1/1/2013,1/7/2013,1
20121225,WI,11.5,88.5,61.46,25.76,0,0,12/25/2012,12/31/2012,1
20121218,WI,11.5,88.5,61.46,25.76,0,0,12/18/2012,12/24/2012,1
20121211,WI,11.5,88.5,61.46,25.76,0,0,12/11/2012,12/17/2012,1
20121204,WI,11.46,88.54,61.46,25.76,0,0,12/4/2012,12/10/2012,1
20121127,WI,11.46,88.54,61.44,25.76,0,0,11/27/2012,12/3/2012,1
20121120,WI,12.65,87.35,53.71,15.65,0,0,11/20/2012,11/26/2012,1
20121113,WI,12.65,87.35,53.71,15.65,0,0,11/13/2012,11/19/2012,1
20121106,WI,9.01,90.99,60.37,24.32,0,0,11/6/2012,11/12/2012,1
20121030,WI,9.01,90.99,60.37,24.32,0,0,10/30/2012,11/5/2012,1
20121023,WI,4.54,95.46,80.2,35.52,4.76,0,10/23/2012,10/29/2012,1
20121016,WI,0.57,99.43,83.96,36.46,6.2,0,10/16/2012,10/22/2012,1
20121009,WI,0.43,99.57,87.24,51.29,9.93,0,10/9/2012,10/15/2012,1
20121002,WI,0.46,99.54,78.27,35.53,8.63,0,10/2/2012,10/8/2012,1
20120925,WI,0.49,99.51,61.25,35.35,8.66,0,9/25/2012,10/1/2012,1
20120918,WI,0,100,58.74,28,5.67,0,9/18/2012,9/24/2012,1
20120911,WI,0,100,56.26,27.84,5.55,0,9/11/2012,9/17/2012,1
20120904,WI,11.15,88.85,47.38,29.39,6.04,0,9/4/2012,9/10/2012,1
20120828,WI,50.41,49.59,40.74,29.9,6.18,0,8/28/2012,9/3/2012,1
20120821,WI,50.28,49.72,40.92,29.86,6.1,0,8/21/2012,8/27/2012,1
20120814,WI,48.73,51.27,43.12,34.65,8.95,0,8/14/2012,8/20/2012,1
20120807,WI,48.59,51.41,43.27,35.08,8.95,0,8/7/2012,8/13/2012,1
20120731,WI,48.59,51.41,43.27,35.19,9.12,0,7/31/2012,8/6/2012,1
20120724,WI,40.59,59.41,46.33,35.23,19.69,0,7/24/2012,7/30/2012,1
20120717,WI,47.6,52.4,40.34,26.77,18.68,0,7/17/2012,7/23/2012,1
20120710,WI,49.69,50.31,30.93,16.88,0,0,7/10/2012,7/16/2012,1
20120703,WI,63.17,36.83,17.01,0,0,0,7/3/2012,7/9/2012,1
20120626,WI,72.31,27.69,4.46,0,0,0,6/26/2012,7/2/2012,1
20120619,WI,85.89,14.11,0,0,0,0,6/19/2012,6/25/2012,1
20120612,WI,84.5,15.5,0,0,0,0,6/12/2012,6/18/2012,1
20120605,WI,88.32,11.68,0,0,0,0,6/5/2012,6/11/2012,1
20120529,WI,88.15,11.85,0,0,0,0,5/29/2012,6/4/2012,1
20120522,WI,75.58,24.42,0,0,0,0,5/22/2012,5/28/2012,1
20120515,WI,87.85,12.15,0,0,0,0,5/15/2012,5/21/2012,1
20120508,WI,87.85,12.15,0,0,0,0,5/8/2012,5/14/2012,1
20120501,WI,46.66,53.34,4.83,0,0,0,5/1/2012,5/7/2012,1
20120424,WI,46.66,53.34,4.53,0,0,0,4/24/2012,4/30/2012,1
20120417,WI,46.38,53.62,4.49,0,0,0,4/17/2012,4/23/2012,1
20120410,WI,46.38,53.62,4.49,0,0,0,4/10/2012,4/16/2012,1
20120403,WI,58.43,41.57,3.15,0,0,0,4/3/2012,4/9/2012,1
20120327,WI,58.43,41.57,0.52,0,0,0,3/27/2012,4/2/2012,1
20120320,WI,58.43,41.57,0.52,0,0,0,3/20/2012,3/26/2012,1
20120313,WI,58.43,41.57,0.52,0,0,0,3/13/2012,3/19/2012,1
20120306,WI,58.43,41.57,0.52,0,0,0,3/6/2012,3/12/2012,1
20120228,WI,58.43,41.57,0.52,0,0,0,2/28/2012,3/5/2012,1
20120221,WI,58.43,41.57,0.52,0,0,0,2/21/2012,2/27/2012,1
20120214,WI,58.43,41.57,0.52,0,0,0,2/14/2012,2/20/2012,1
20120207,WI,58.43,41.57,0.52,0,0,0,2/7/2012,2/13/2012,1
20120131,WI,58.43,41.57,0.52,0,0,0,1/31/2012,2/6/2012,1
20120124,WI,58.43,41.57,0.52,0,0,0,1/24/2012,1/30/2012,1
20120117,WI,58.43,41.57,0,0,0,0,1/17/2012,1/23/2012,1
20120110,WI,58.43,41.57,0,0,0,0,1/10/2012,1/16/2012,1
20120103,WI,58.43,41.57,0,0,0,0,1/3/2012,1/9/2012,1
20111227,WI,58.43,41.57,0,0,0,0,12/27/2011,1/2/2012,1
20111220,WI,58.43,41.57,0,0,0,0,12/20/2011,12/26/2011,1
20111213,WI,58.43,41.57,0,0,0,0,12/13/2011,12/19/2011,1
20111206,WI,76.73,23.27,0,0,0,0,12/6/2011,12/12/2011,1
20111129,WI,75.75,24.25,0,0,0,0,11/29/2011,12/5/2011,1
20111122,WI,73.04,26.96,0,0,0,0,11/22/2011,11/28/2011,1
20111115,WI,73.04,26.96,0,0,0,0,11/15/2011,11/21/2011,1
20111108,WI,72.84,27.16,0,0,0,0,11/8/2011,11/14/2011,1
20111101,WI,72.84,27.16,0,0,0,0,11/1/2011,11/7/2011,1
20111025,WI,77.5,22.5,0,0,0,0,10/25/2011,10/31/2011,1
20111018,WI,77.5,22.5,0,0,0,0,10/18/2011,10/24/2011,1
20111011,WI,52.49,47.51,0,0,0,0,10/11/2011,10/17/2011,1
20111004,WI,69.39,30.61,0,0,0,0,10/4/2011,10/10/2011,1
20110927,WI,65.61,34.39,0,0,0,0,9/27/2011,10/3/2011,1
20110920,WI,65.66,34.34,0,0,0,0,9/20/2011,9/26/2011,1
20110913,WI,65.66,34.34,0,0,0,0,9/13/2011,9/19/2011,1
20110906,WI,73.09,26.91,0,0,0,0,9/6/2011,9/12/2011,1
20110830,WI,73.01,26.99,0,0,0,0,8/30/2011,9/5/2011,1
20110823,WI,78.95,21.05,0,0,0,0,8/23/2011,8/29/2011,1
20110816,WI,78.02,21.98,0,0,0,0,8/16/2011,8/22/2011,1
20110809,WI,75.18,24.82,0,0,0,0,8/9/2011,8/15/2011,1
20110802,WI,75.18,24.82,0,0,0,0,8/2/2011,8/8/2011,1
20110726,WI,73.73,26.27,0,0,0,0,7/26/2011,8/1/2011,1
20110719,WI,89.97,10.03,0,0,0,0,7/19/2011,7/25/2011,1
20110712,WI,100,0,0,0,0,0,7/12/2011,7/18/2011,1
20110705,WI,100,0,0,0,0,0,7/5/2011,7/11/2011,1
20110628,WI,100,0,0,0,0,0,6/28/2011,7/4/2011,1
20110621,WI,100,0,0,0,0,0,6/21/2011,6/27/2011,1
20110614,WI,100,0,0,0,0,0,6/14/2011,6/20/2011,1
20110607,WI,100,0,0,0,0,0,6/7/2011,6/13/2011,1
20110531,WI,100,0,0,0,0,0,5/31/2011,6/6/2011,1
20110524,WI,100,0,0,0,0,0,5/24/2011,5/30/2011,1
20110517,WI,100,0,0,0,0,0,5/17/2011,5/23/2011,1
20110510,WI,99.83,0.17,0,0,0,0,5/10/2011,5/16/2011,1
20110503,WI,99.83,0.17,0,0,0,0,5/3/2011,5/9/2011,1
20110426,WI,99.83,0.17,0,0,0,0,4/26/2011,5/2/2011,1
20110419,WI,99.83,0.17,0,0,0,0,4/19/2011,4/25/2011,1
20110412,WI,99.83,0.17,0,0,0,0,4/12/2011,4/18/2011,1
20110405,WI,99.72,0.28,0,0,0,0,4/5/2011,4/11/2011,1
20110329,WI,99.72,0.28,0,0,0,0,3/29/2011,4/4/2011,1
20110322,WI,99.72,0.28,0,0,0,0,3/22/2011,3/28/2011,1
20110315,WI,99.72,0.28,0,0,0,0,3/15/2011,3/21/2011,1
20110308,WI,99.72,0.28,0,0,0,0,3/8/2011,3/14/2011,1
20110301,WI,99.72,0.28,0,0,0,0,3/1/2011,3/7/2011,1
20110222,WI,100,0,0,0,0,0,2/22/2011,2/28/2011,1
20110215,WI,100,0,0,0,0,0,2/15/2011,2/21/2011,1
20110208,WI,100,0,0,0,0,0,2/8/2011,2/14/2011,1
20110201,WI,100,0,0,0,0,0,2/1/2011,2/7/2011,1
20110125,WI,100,0,0,0,0,0,1/25/2011,1/31/2011,1
20110118,WI,100,0,0,0,0,0,1/18/2011,1/24/2011,1
20110111,WI,100,0,0,0,0,0,1/11/2011,1/17/2011,1
20110104,WI,100,0,0,0,0,0,1/4/2011,1/10/2011,1
20101228,WI,100,0,0,0,0,0,12/28/2010,1/3/2011,1
20101221,WI,100,0,0,0,0,0,12/21/2010,12/27/2010,1
20101214,WI,100,0,0,0,0,0,12/14/2010,12/20/2010,1
20101207,WI,95.33,4.67,0,0,0,0,12/7/2010,12/13/2010,1
20101130,WI,95.33,4.67,0,0,0,0,11/30/2010,12/6/2010,1
20101123,WI,95.33,4.67,0,0,0,0,11/23/2010,11/29/2010,1
20101116,WI,95.33,4.67,0,0,0,0,11/16/2010,11/22/2010,1
20101109,WI,100,0,0,0,0,0,11/9/2010,11/15/2010,1
20101102,WI,100,0,0,0,0,0,11/2/2010,11/8/2010,1
20101026,WI,100,0,0,0,0,0,10/26/2010,11/1/2010,1
20101019,WI,99.94,0.06,0,0,0,0,10/19/2010,10/25/2010,1
20101012,WI,99.94,0.06,0,0,0,0,10/12/2010,10/18/2010,1
20101005,WI,99.94,0.06,0,0,0,0,10/5/2010,10/11/2010,1
20100928,WI,99.94,0.06,0,0,0,0,9/28/2010,10/4/2010,1
20100921,WI,98.71,1.29,0,0,0,0,9/21/2010,9/27/2010,1
20100914,WI,92.28,7.72,1.17,0,0,0,9/14/2010,9/20/2010,1
20100907,WI,92.28,7.72,1.17,0,0,0,9/7/2010,9/13/2010,1
20100831,WI,89.33,10.67,6.35,0,0,0,8/31/2010,9/6/2010,1
20100824,WI,89.33,10.67,6.35,0,0,0,8/24/2010,8/30/2010,1
20100817,WI,87.14,12.86,7.4,2.26,0,0,8/17/2010,8/23/2010,1
20100810,WI,87.14,12.86,7.4,2.26,0,0,8/10/2010,8/16/2010,1
20100803,WI,87.14,12.86,7.4,2.26,0,0,8/3/2010,8/9/2010,1
20100727,WI,76.87,23.13,8.8,3.36,0,0,7/27/2010,8/2/2010,1
20100720,WI,75.47,24.53,9.97,3.36,0,0,7/20/2010,7/26/2010,1
20100713,WI,53.61,46.39,15.89,3.33,0,0,7/13/2010,7/19/2010,1
20100706,WI,51.04,48.96,17.83,3.3,0,0,7/6/2010,7/12/2010,1
20100629,WI,51.04,48.96,18.23,5.06,0,0,6/29/2010,7/5/2010,1
20100622,WI,47.02,52.98,44.42,29.02,11.11,0,6/22/2010,6/28/2010,1
20100615,WI,43.01,56.99,45.04,29.02,11.11,0,6/15/2010,6/21/2010,1
20100608,WI,43.01,56.99,45.13,29.02,11.11,0,6/8/2010,6/14/2010,1
20100601,WI,43.01,56.99,44.31,29.02,11.11,0,6/1/2010,6/7/2010,1
20100525,WI,45.99,54.01,40.73,17.49,4.83,0,5/25/2010,5/31/2010,1
20100518,WI,47.45,52.55,38.54,15.54,0.25,0,5/18/2010,5/24/2010,1
20100511,WI,47.45,52.55,41.04,14.08,0,0,5/11/2010,5/17/2010,1
20100504,WI,47.45,52.55,41.04,14.08,0,0,5/4/2010,5/10/2010,1
20100427,WI,47.45,52.55,41.04,14.08,0,0,4/27/2010,5/3/2010,1
20100420,WI,56.07,43.93,29.42,9.76,0,0,4/20/2010,4/26/2010,1
20100413,WI,56.07,43.93,28.41,8.94,0,0,4/13/2010,4/19/2010,1
20100406,WI,53.62,46.38,22.55,4.01,0,0,4/6/2010,4/12/2010,1
20100330,WI,53.62,46.38,22.6,4.01,0,0,3/30/2010,4/5/2010,1
20100323,WI,62.02,37.98,22.6,4.01,0,0,3/23/2010,3/29/2010,1
20100316,WI,63.75,36.25,22.39,4.01,0,0,3/16/2010,3/22/2010,1
20100309,WI,61.38,38.62,22.45,4.01,0,0,3/9/2010,3/15/2010,1
20100302,WI,61.38,38.62,22.45,4.01,0,0,3/2/2010,3/8/2010,1
20100223,WI,61.38,38.62,22.45,4.01,0,0,2/23/2010,3/1/2010,1
20100216,WI,61.38,38.62,22.45,4.01,0,0,2/16/2010,2/22/2010,1
20100209,WI,61.38,38.62,22.45,4.01,0,0,2/9/2010,2/15/2010,1
20100202,WI,61.38,38.62,22.45,4.01,0,0,2/2/2010,2/8/2010,1
20100126,WI,61.38,38.62,22.45,4.01,0,0,1/26/2010,2/1/2010,1
20100119,WI,57.49,42.51,24.53,7.1,0,0,1/19/2010,1/25/2010,1
20100112,WI,57.49,42.51,24.53,7.1,0,0,1/12/2010,1/18/2010,1
20100105,WI,57.49,42.51,24.53,7.1,0,0,1/5/2010,1/11/2010,1
20091229,WI,57.49,42.51,24.53,7.1,0,0,12/29/2009,1/4/2010,1
20091222,WI,57.49,42.51,24.53,7.1,0,0,12/22/2009,12/28/2009,1
20091215,WI,57.49,42.51,24.53,7.1,0,0,12/15/2009,12/21/2009,1
20091208,WI,57.49,42.51,24.53,7.1,0,0,12/8/2009,12/14/2009,1
20091201,WI,57.49,42.51,24.53,7.1,0,0,12/1/2009,12/7/2009,1
20091124,WI,57.48,42.52,24.53,7.1,0,0,11/24/2009,11/30/2009,1
20091117,WI,56.48,43.52,24.53,7.1,0,0,11/17/2009,11/23/2009,1
20091110,WI,56.48,43.52,24.53,7.1,0,0,11/10/2009,11/16/2009,1
20091103,WI,56.48,43.52,24.53,11.99,4.35,0,11/3/2009,11/9/2009,1
20091027,WI,48.87,51.13,24.53,11.99,4.35,0,10/27/2009,11/2/2009,1
20091020,WI,23.58,76.42,46.88,18.62,4.35,0,10/20/2009,10/26/2009,1
20091013,WI,23.58,76.42,46.88,18.62,4.35,0,10/13/2009,10/19/2009,1
20091006,WI,20.43,79.57,61.15,37.86,7.68,0,10/6/2009,10/12/2009,1
20090929,WI,19.9,80.1,63.2,40.88,9.8,0,9/29/2009,10/5/2009,1
20090922,WI,2.68,97.32,64.51,40.9,9.65,0,9/22/2009,9/28/2009,1
20090915,WI,4.59,95.41,50.07,11.07,0,0,9/15/2009,9/21/2009,1
20090908,WI,4.59,95.41,47.88,11.07,0,0,9/8/2009,9/14/2009,1
20090901,WI,29.78,70.22,47.88,11.07,0,0,9/1/2009,9/7/2009,1
20090825,WI,29.71,70.29,48.02,18.77,0,0,8/25/2009,8/31/2009,1
20090818,WI,19.78,80.22,60.03,42.77,10.19,0,8/18/2009,8/24/2009,1
20090811,WI,19.78,80.22,61.18,42.77,10.19,0,8/11/2009,8/17/2009,1
20090804,WI,19.88,80.12,70.18,48.16,10.19,0,8/4/2009,8/10/2009,1
20090728,WI,19.88,80.12,70.18,47.18,0,0,7/28/2009,8/3/2009,1
20090721,WI,19.88,80.12,70.18,47.93,0,0,7/21/2009,7/27/2009,1
20090714,WI,29.7,70.3,54.5,28.01,0,0,7/14/2009,7/20/2009,1
20090707,WI,44.99,55.01,50.58,26.17,0,0,7/7/2009,7/13/2009,1
20090630,WI,45.66,54.34,48.28,11.43,0,0,6/30/2009,7/6/2009,1
20090623,WI,46.67,53.33,39.06,14.26,0,0,6/23/2009,6/29/2009,1
20090616,WI,46.74,53.26,39.06,14.03,0,0,6/16/2009,6/22/2009,1
20090609,WI,46.74,53.26,39.06,14.03,0,0,6/9/2009,6/15/2009,1
20090602,WI,46.92,53.08,39.06,14.03,0,0,6/2/2009,6/8/2009,1
20090526,WI,41.28,58.72,41.53,13.83,0,0,5/26/2009,6/1/2009,1
20090519,WI,43.03,56.97,40.11,9.37,0,0,5/19/2009,5/25/2009,1
20090512,WI,40.09,59.91,47.48,9.5,0,0,5/12/2009,5/18/2009,1
20090505,WI,34.62,65.38,52.71,14.78,0,0,5/5/2009,5/11/2009,1
20090428,WI,34.62,65.38,52.71,14.78,0,0,4/28/2009,5/4/2009,1
20090421,WI,31.16,68.84,57.81,40.54,0,0,4/21/2009,4/27/2009,1
20090414,WI,31.16,68.84,57.81,40.92,0,0,4/14/2009,4/20/2009,1
20090407,WI,31.51,68.49,57.7,27.56,0,0,4/7/2009,4/13/2009,1
20090331,WI,31.51,68.49,57.6,27.56,0,0,3/31/2009,4/6/2009,1
20090324,WI,31.51,68.49,57.6,27.56,0,0,3/24/2009,3/30/2009,1
20090317,WI,31.28,68.72,57.68,27.56,0,0,3/17/2009,3/23/2009,1
20090310,WI,31.28,68.72,57.68,27.56,0,0,3/10/2009,3/16/2009,1
20090303,WI,31.28,68.72,57.68,27.56,0,0,3/3/2009,3/9/2009,1
20090224,WI,20.81,79.19,62.53,30.95,0,0,2/24/2009,3/2/2009,1
20090217,WI,20.81,79.19,62.53,30.95,0,0,2/17/2009,2/23/2009,1
20090210,WI,20.01,79.99,62.53,30.95,0,0,2/10/2009,2/16/2009,1
20090203,WI,20.01,79.99,62.53,26.18,0,0,2/3/2009,2/9/2009,1
20090127,WI,20.01,79.99,62.53,26.18,0,0,1/27/2009,2/2/2009,1
20090120,WI,20.01,79.99,62.53,26.18,0,0,1/20/2009,1/26/2009,1
20090113,WI,20.01,79.99,62.66,26.18,0,0,1/13/2009,1/19/2009,1
20090106,WI,20.01,79.99,62.66,26.18,0,0,1/6/2009,1/12/2009,1
20081230,WI,20.01,79.99,62.66,26.18,0,0,12/30/2008,1/5/2009,1
20081223,WI,20.01,79.99,62.66,26.18,0,0,12/23/2008,12/29/2008,1
20081216,WI,18.23,81.77,64.86,26.18,0,0,12/16/2008,12/22/2008,1
20081209,WI,18.23,81.77,64.86,26.18,0,0,12/9/2008,12/15/2008,1
20081202,WI,18.23,81.77,64.86,20.08,0,0,12/2/2008,12/8/2008,1
20081125,WI,18.23,81.77,64.86,20.08,0,0,11/25/2008,12/1/2008,1
20081118,WI,18.23,81.77,64.86,20.08,0,0,11/18/2008,11/24/2008,1
20081111,WI,16.72,83.28,66.45,20.41,0,0,11/11/2008,11/17/2008,1
20081104,WI,16.72,83.28,64.27,20.41,0,0,11/4/2008,11/10/2008,1
20081028,WI,16.72,83.28,64.27,20.41,0,0,10/28/2008,11/3/2008,1
20081021,WI,16.66,83.34,66.91,20.57,0,0,10/21/2008,10/27/2008,1
20081014,WI,16.86,83.14,66.93,12.55,0,0,10/14/2008,10/20/2008,1
20081007,WI,13.89,86.11,68.3,9.27,0,0,10/7/2008,10/13/2008,1
20080930,WI,13.89,86.11,68.3,9.27,0,0,9/30/2008,10/6/2008,1
20080923,WI,13.89,86.11,68.3,0,0,0,9/23/2008,9/29/2008,1
20080916,WI,26.82,73.18,49.57,0,0,0,9/16/2008,9/22/2008,1
20080909,WI,34.7,65.3,34.12,0,0,0,9/9/2008,9/15/2008,1
20080902,WI,34.7,65.3,26.84,0,0,0,9/2/2008,9/8/2008,1
20080826,WI,35.55,64.45,22.86,0,0,0,8/26/2008,9/1/2008,1
20080819,WI,67.18,32.82,0,0,0,0,8/19/2008,8/25/2008,1
20080812,WI,98.69,1.31,0,0,0,0,8/12/2008,8/18/2008,1
20080805,WI,99.51,0.49,0,0,0,0,8/5/2008,8/11/2008,1
20080729,WI,99.51,0.49,0,0,0,0,7/29/2008,8/4/2008,1
20080722,WI,99.51,0.49,0,0,0,0,7/22/2008,7/28/2008,1
20080715,WI,99.51,0.49,0,0,0,0,7/15/2008,7/21/2008,1
20080708,WI,99.51,0.49,0,0,0,0,7/8/2008,7/14/2008,1
20080701,WI,100,0,0,0,0,0,7/1/2008,7/7/2008,1
20080624,WI,100,0,0,0,0,0,6/24/2008,6/30/2008,1
20080617,WI,100,0,0,0,0,0,6/17/2008,6/23/2008,1
20080610,WI,89.81,10.19,0,0,0,0,6/10/2008,6/16/2008,1
20080603,WI,100,0,0,0,0,0,6/3/2008,6/9/2008,1
20080527,WI,100,0,0,0,0,0,5/27/2008,6/2/2008,1
20080520,WI,100,0,0,0,0,0,5/20/2008,5/26/2008,1
20080513,WI,100,0,0,0,0,0,5/13/2008,5/19/2008,1
20080506,WI,100,0,0,0,0,0,5/6/2008,5/12/2008,1
20080429,WI,100,0,0,0,0,0,4/29/2008,5/5/2008,1
20080422,WI,100,0,0,0,0,0,4/22/2008,4/28/2008,1
20080415,WI,100,0,0,0,0,0,4/15/2008,4/21/2008,1
20080408,WI,70.1,29.9,0,0,0,0,4/8/2008,4/14/2008,1
20080401,WI,70.1,29.9,0,0,0,0,4/1/2008,4/7/2008,1
20080325,WI,70.23,29.77,0,0,0,0,3/25/2008,3/31/2008,1
20080318,WI,70.23,29.77,0,0,0,0,3/18/2008,3/24/2008,1
20080311,WI,70.23,29.77,0,0,0,0,3/11/2008,3/17/2008,1
20080304,WI,70.23,29.77,0,0,0,0,3/4/2008,3/10/2008,1
20080226,WI,70.23,29.77,0,0,0,0,2/26/2008,3/3/2008,1
20080219,WI,70.23,29.77,0,0,0,0,2/19/2008,2/25/2008,1
20080212,WI,72.79,27.21,7.2,0,0,0,2/12/2008,2/18/2008,1
20080205,WI,72.79,27.21,7.2,0,0,0,2/5/2008,2/11/2008,1
20080129,WI,72.79,27.21,7.2,0,0,0,1/29/2008,2/4/2008,1
20080122,WI,72.79,27.21,7.2,0,0,0,1/22/2008,1/28/2008,1
20080115,WI,72.79,27.21,9.31,0,0,0,1/15/2008,1/21/2008,1
20080108,WI,71.33,28.67,10.55,0,0,0,1/8/2008,1/14/2008,1
20080101,WI,71.14,28.86,10.55,0,0,0,1/1/2008,1/7/2008,1
20071225,WI,71.14,28.86,10.55,0,0,0,12/25/2007,12/31/2007,1
20071218,WI,71.14,28.86,10.55,0,0,0,12/18/2007,12/24/2007,1
20071211,WI,71.14,28.86,10.55,0,0,0,12/11/2007,12/17/2007,1
20071204,WI,71.14,28.86,10.55,0,0,0,12/4/2007,12/10/2007,1
20071127,WI,67.01,32.99,10.55,0,0,0,11/27/2007,12/3/2007,1
20071120,WI,75.11,24.89,10.55,0,0,0,11/20/2007,11/26/2007,1
20071113,WI,78.31,21.69,10.55,0,0,0,11/13/2007,11/19/2007,1
20071106,WI,78.31,21.69,10.55,0,0,0,11/6/2007,11/12/2007,1
20071030,WI,78.31,21.69,10.55,0,0,0,10/30/2007,11/5/2007,1
20071023,WI,78.31,21.69,10.55,0,0,0,10/23/2007,10/29/2007,1
20071016,WI,73.05,26.95,20.75,9.56,0,0,10/16/2007,10/22/2007,1
20071009,WI,59.9,40.1,24.93,9.56,0,0,10/9/2007,10/15/2007,1
20071002,WI,47.87,52.13,37.35,10.63,0,0,10/2/2007,10/8/2007,1
20070925,WI,47.26,52.74,44.59,18.83,0,0,9/25/2007,10/1/2007,1
20070918,WI,46.93,53.07,45.03,26.38,5.09,0,9/18/2007,9/24/2007,1
20070911,WI,44.81,55.19,44.48,18.45,4.98,0,9/11/2007,9/17/2007,1
20070904,WI,44.81,55.19,44.48,18.49,5.5,0,9/4/2007,9/10/2007,1
20070828,WI,40.27,59.73,50.43,23.43,5.5,0,8/28/2007,9/3/2007,1
20070821,WI,30.93,69.07,58.01,19.75,6.14,0,8/21/2007,8/27/2007,1
20070814,WI,20.63,79.37,74.69,19.95,6.14,0,8/14/2007,8/20/2007,1
20070807,WI,10.22,89.78,85.85,12.27,0,0,8/7/2007,8/13/2007,1
20070731,WI,5.07,94.93,80.6,12.27,0,0,7/31/2007,8/6/2007,1
20070724,WI,7.05,92.95,76.09,11.64,0,0,7/24/2007,7/30/2007,1
20070717,WI,8.65,91.35,54.99,8.71,0,0,7/17/2007,7/23/2007,1
20070710,WI,12.03,87.97,53.92,8.49,0,0,7/10/2007,7/16/2007,1
20070703,WI,9.24,90.76,49.4,0,0,0,7/3/2007,7/9/2007,1
20070626,WI,13.64,86.36,37.73,0,0,0,6/26/2007,7/2/2007,1
20070619,WI,17.45,82.55,28.1,0,0,0,6/19/2007,6/25/2007,1
20070612,WI,39.79,60.21,32.19,6.21,0,0,6/12/2007,6/18/2007,1
20070605,WI,41.13,58.87,31.86,11.52,0,0,6/5/2007,6/11/2007,1
20070529,WI,29.81,70.19,39.76,12.48,0,0,5/29/2007,6/4/2007,1
20070522,WI,29.81,70.19,39.76,12.52,0,0,5/22/2007,5/28/2007,1
20070515,WI,29.81,70.19,39.76,12.52,0,0,5/15/2007,5/21/2007,1
20070508,WI,49.35,50.65,24.6,0,0,0,5/8/2007,5/14/2007,1
20070501,WI,49.35,50.65,13.97,0,0,0,5/1/2007,5/7/2007,1
20070424,WI,52.45,47.55,5.95,0,0,0,4/24/2007,4/30/2007,1
20070417,WI,85.61,14.39,0,0,0,0,4/17/2007,4/23/2007,1
20070410,WI,85.61,14.39,0,0,0,0,4/10/2007,4/16/2007,1
20070403,WI,76.76,23.24,8.28,0.01,0,0,4/3/2007,4/9/2007,1
20070327,WI,66.37,33.63,9.22,0.01,0,0,3/27/2007,4/2/2007,1
20070320,WI,66.37,33.63,9.22,0.01,0,0,3/20/2007,3/26/2007,1
20070313,WI,66.37,33.63,9.22,0.01,0,0,3/13/2007,3/19/2007,1
20070306,WI,66.37,33.63,9.22,0.01,0,0,3/6/2007,3/12/2007,1
20070227,WI,35.65,64.35,30.5,9.89,1.43,0,2/27/2007,3/5/2007,1
20070220,WI,33.55,66.45,30.69,9.89,1.4,0,2/20/2007,2/26/2007,1
20070213,WI,33.55,66.45,30.69,9.89,1.4,0,2/13/2007,2/19/2007,1
20070206,WI,33.55,66.45,30.69,9.89,1.4,0,2/6/2007,2/12/2007,1
20070130,WI,33.55,66.45,30.69,9.89,1.4,0,1/30/2007,2/5/2007,1
20070123,WI,33.55,66.45,30.69,9.89,1.4,0,1/23/2007,1/29/2007,1
20070116,WI,33.18,66.82,30.69,9.89,1.4,0,1/16/2007,1/22/2007,1
20070109,WI,33.18,66.82,30.69,9.89,1.4,0,1/9/2007,1/15/2007,1
20070102,WI,33.63,66.37,30.69,9.89,1.4,0,1/2/2007,1/8/2007,1
20061226,WI,33.67,66.33,30.69,9.89,1.4,0,12/26/2006,1/1/2007,1
20061219,WI,33.67,66.33,30.69,9.89,1.4,0,12/19/2006,12/25/2006,1
20061212,WI,33.31,66.69,26.72,6.49,1.4,0,12/12/2006,12/18/2006,1
20061205,WI,41.84,58.16,24.82,6.49,1.4,0,12/5/2006,12/11/2006,1
20061128,WI,54.52,45.48,14.27,6.49,1.4,0,11/28/2006,12/4/2006,1
20061121,WI,54.53,45.47,14.27,6.49,1.4,0,11/21/2006,11/27/2006,1
20061114,WI,54.26,45.74,14.27,6.49,1.4,0,11/14/2006,11/20/2006,1
20061107,WI,54.26,45.74,14.27,6.49,1.4,0,11/7/2006,11/13/2006,1
20061031,WI,63.03,36.97,14.27,6.49,1.4,0,10/31/2006,11/6/2006,1
20061024,WI,63.03,36.97,14.27,6.49,1.4,0,10/24/2006,10/30/2006,1
20061017,WI,58.55,41.45,14.27,6.49,1.4,0,10/17/2006,10/23/2006,1
20061010,WI,58.55,41.45,14.27,6.49,1.4,0,10/10/2006,10/16/2006,1
20061003,WI,58.55,41.45,13.66,6.49,1.45,0,10/3/2006,10/9/2006,1
20060926,WI,58.65,41.35,13.66,6.49,1.45,0,9/26/2006,10/2/2006,1
20060919,WI,58.39,41.61,13.66,6.49,1.45,0,9/19/2006,9/25/2006,1
20060912,WI,59.03,40.97,13.8,2.27,0,0,9/12/2006,9/18/2006,1
20060905,WI,71.53,28.47,13.8,2.27,0,0,9/5/2006,9/11/2006,1
20060829,WI,71.53,28.47,13.8,1.96,0,0,8/29/2006,9/4/2006,1
20060822,WI,29.41,70.59,20.15,5.88,0.24,0,8/22/2006,8/28/2006,1
20060815,WI,54.67,45.33,19.28,5.88,0.24,0,8/15/2006,8/21/2006,1
20060808,WI,54.67,45.33,19.76,5.88,0.24,0,8/8/2006,8/14/2006,1
20060801,WI,40.3,59.7,42.23,12.22,0.24,0,8/1/2006,8/7/2006,1
20060725,WI,24.15,75.85,45.78,25.56,12.53,0,7/25/2006,7/31/2006,1
20060718,WI,15.82,84.18,45.99,25.56,0,0,7/18/2006,7/24/2006,1
20060711,WI,28.39,71.61,45.98,13.31,0,0,7/11/2006,7/17/2006,1
20060704,WI,52.26,47.74,23.58,0,0,0,7/4/2006,7/10/2006,1
20060627,WI,61.84,38.16,0,0,0,0,6/27/2006,7/3/2006,1
20060620,WI,84.2,15.8,0,0,0,0,6/20/2006,6/26/2006,1
20060613,WI,84.2,15.8,0,0,0,0,6/13/2006,6/19/2006,1
20060606,WI,100,0,0,0,0,0,6/6/2006,6/12/2006,1
20060530,WI,100,0,0,0,0,0,5/30/2006,6/5/2006,1
20060523,WI,85.07,14.93,0,0,0,0,5/23/2006,5/29/2006,1
20060516,WI,85.07,14.93,0,0,0,0,5/16/2006,5/22/2006,1
20060509,WI,65.63,34.37,13.85,0,0,0,5/9/2006,5/15/2006,1
20060502,WI,67.14,32.86,5.42,0,0,0,5/2/2006,5/8/2006,1
20060425,WI,65.95,34.05,0,0,0,0,4/25/2006,5/1/2006,1
20060418,WI,84.61,15.39,0,0,0,0,4/18/2006,4/24/2006,1
20060411,WI,93.62,6.38,0,0,0,0,4/11/2006,4/17/2006,1
20060404,WI,93.77,6.23,0,0,0,0,4/4/2006,4/10/2006,1
20060328,WI,90.1,9.9,1.57,0,0,0,3/28/2006,4/3/2006,1
20060321,WI,90.33,9.67,1.57,0,0,0,3/21/2006,3/27/2006,1
20060314,WI,90.33,9.67,1.6,0,0,0,3/14/2006,3/20/2006,1
20060307,WI,89.96,10.04,3.48,0,0,0,3/7/2006,3/13/2006,1
20060228,WI,89.6,10.4,3.85,0,0,0,2/28/2006,3/6/2006,1
20060221,WI,89.6,10.4,2.28,0,0,0,2/21/2006,2/27/2006,1
20060214,WI,84.28,15.72,4.62,0.87,0,0,2/14/2006,2/20/2006,1
20060207,WI,84.28,15.72,4.62,0.87,0,0,2/7/2006,2/13/2006,1
20060131,WI,65.15,34.85,4.62,0.87,0,0,1/31/2006,2/6/2006,1
20060124,WI,52.83,47.17,8.34,1.29,0,0,1/24/2006,1/30/2006,1
20060117,WI,52.83,47.17,8.34,1.29,0,0,1/17/2006,1/23/2006,1
20060110,WI,51.34,48.66,5.48,1.29,0,0,1/10/2006,1/16/2006,1
20060103,WI,45.4,54.6,6.72,1.29,0,0,1/3/2006,1/9/2006,1
20051227,WI,28.55,71.45,10.17,3.63,0,0,12/27/2005,1/2/2006,1
20051220,WI,28.55,71.45,10.17,3.63,0,0,12/20/2005,12/26/2005,1
20051213,WI,28.55,71.45,10.17,3.63,0,0,12/13/2005,12/19/2005,1
20051206,WI,28.55,71.45,18.84,3.63,0,0,12/6/2005,12/12/2005,1
20051129,WI,28.55,71.45,18.84,3.63,0,0,11/29/2005,12/5/2005,1
20051122,WI,28.55,71.45,18.84,3.63,0,0,11/22/2005,11/28/2005,1
20051115,WI,26.49,73.51,19.66,3.63,0,0,11/15/2005,11/21/2005,1
20051108,WI,26.11,73.89,19.66,3.63,0,0,11/8/2005,11/14/2005,1
20051101,WI,26.11,73.89,19.66,7.87,0.45,0,11/1/2005,11/7/2005,1
20051025,WI,26.11,73.89,19.66,7.87,0.45,0,10/25/2005,10/31/2005,1
20051018,WI,26.11,73.89,19.66,7.87,0.45,0,10/18/2005,10/24/2005,1
20051011,WI,17.64,82.36,19.3,7.85,0,0,10/11/2005,10/17/2005,1
20051004,WI,15.11,84.89,60.42,17.86,0,0,10/4/2005,10/10/2005,1
20050927,WI,16.48,83.52,60.4,26.11,0,0,9/27/2005,10/3/2005,1
20050920,WI,14.83,85.17,68.36,37.91,1.06,0,9/20/2005,9/26/2005,1
20050913,WI,13.51,86.49,69.07,39.85,2.73,0,9/13/2005,9/19/2005,1
20050906,WI,12.3,87.7,69.04,40.3,2.73,0,9/6/2005,9/12/2005,1
20050830,WI,13.18,86.82,61.22,7.25,0,0,8/30/2005,9/5/2005,1
20050823,WI,12.11,87.89,62.06,8.6,0,0,8/23/2005,8/29/2005,1
20050816,WI,5.75,94.25,79.02,16.63,0.31,0,8/16/2005,8/22/2005,1
20050809,WI,0,100,89.92,21.34,2.54,0,8/9/2005,8/15/2005,1
20050802,WI,0,100,90.54,17.99,2.32,0,8/2/2005,8/8/2005,1
20050726,WI,0,100,94.52,26.79,2.32,0,7/26/2005,8/1/2005,1
20050719,WI,0,100,94.91,46.62,2.32,0,7/19/2005,7/25/2005,1
20050712,WI,1.57,98.43,64.23,4.36,0,0,7/12/2005,7/18/2005,1
20050705,WI,33.31,66.69,8.8,0.49,0,0,7/5/2005,7/11/2005,1
20050628,WI,50.42,49.58,17.5,0,0,0,6/28/2005,7/4/2005,1
20050621,WI,44.34,55.66,17.64,0,0,0,6/21/2005,6/27/2005,1
20050614,WI,36.33,63.67,6.91,0,0,0,6/14/2005,6/20/2005,1
20050607,WI,33.01,66.99,0,0,0,0,6/7/2005,6/13/2005,1
20050531,WI,33.01,66.99,0,0,0,0,5/31/2005,6/6/2005,1
20050524,WI,45.73,54.27,0,0,0,0,5/24/2005,5/30/2005,1
20050517,WI,62.41,37.59,0,0,0,0,5/17/2005,5/23/2005,1
20050510,WI,33.22,66.78,0,0,0,0,5/10/2005,5/16/2005,1
20050503,WI,48.95,51.05,0,0,0,0,5/3/2005,5/9/2005,1
20050426,WI,61.3,38.7,0,0,0,0,4/26/2005,5/2/2005,1
20050419,WI,67.07,32.93,0,0,0,0,4/19/2005,4/25/2005,1
20050412,WI,100,0,0,0,0,0,4/12/2005,4/18/2005,1
20050405,WI,100,0,0,0,0,0,4/5/2005,4/11/2005,1
20050329,WI,100,0,0,0,0,0,3/29/2005,4/4/2005,1
20050322,WI,100,0,0,0,0,0,3/22/2005,3/28/2005,1
20050315,WI,100,0,0,0,0,0,3/15/2005,3/21/2005,1
20050308,WI,100,0,0,0,0,0,3/8/2005,3/14/2005,1
20050301,WI,100,0,0,0,0,0,3/1/2005,3/7/2005,1
20050222,WI,100,0,0,0,0,0,2/22/2005,2/28/2005,1
20050215,WI,100,0,0,0,0,0,2/15/2005,2/21/2005,1
20050208,WI,100,0,0,0,0,0,2/8/2005,2/14/2005,1
20050201,WI,100,0,0,0,0,0,2/1/2005,2/7/2005,1
20050125,WI,100,0,0,0,0,0,1/25/2005,1/31/2005,1
20050118,WI,100,0,0,0,0,0,1/18/2005,1/24/2005,1
20050111,WI,100,0,0,0,0,0,1/11/2005,1/17/2005,1
20050104,WI,100,0,0,0,0,0,1/4/2005,1/10/2005,1
20041228,WI,100,0,0,0,0,0,12/28/2004,1/3/2005,1
20041221,WI,100,0,0,0,0,0,12/21/2004,12/27/2004,1
20041214,WI,100,0,0,0,0,0,12/14/2004,12/20/2004,1
20041207,WI,100,0,0,0,0,0,12/7/2004,12/13/2004,1
20041130,WI,77.16,22.84,0,0,0,0,11/30/2004,12/6/2004,1
20041123,WI,65.74,34.26,9.72,0,0,0,11/23/2004,11/29/2004,1
20041116,WI,55.95,44.05,9.72,0,0,0,11/16/2004,11/22/2004,1
20041109,WI,55.95,44.05,5.82,0,0,0,11/9/2004,11/15/2004,1
20041102,WI,55.95,44.05,5.82,0,0,0,11/2/2004,11/8/2004,1
20041026,WI,26.66,73.34,26.7,0,0,0,10/26/2004,11/1/2004,1
20041019,WI,23.97,76.03,26.7,0,0,0,10/19/2004,10/25/2004,1
20041012,WI,35.18,64.82,19.54,0,0,0,10/12/2004,10/18/2004,1
20041005,WI,35.9,64.1,19.54,0,0,0,10/5/2004,10/11/2004,1
20040928,WI,40.6,59.4,6.49,0,0,0,9/28/2004,10/4/2004,1
20040921,WI,78.64,21.36,0,0,0,0,9/21/2004,9/27/2004,1
20040914,WI,73.87,26.13,0,0,0,0,9/14/2004,9/20/2004,1
20040907,WI,78.98,21.02,0,0,0,0,9/7/2004,9/13/2004,1
20040831,WI,83.46,16.54,0,0,0,0,8/31/2004,9/6/2004,1
20040824,WI,82.6,17.4,0,0,0,0,8/24/2004,8/30/2004,1
20040817,WI,81.96,18.04,0,0,0,0,8/17/2004,8/23/2004,1
20040810,WI,84.82,15.18,0,0,0,0,8/10/2004,8/16/2004,1
20040803,WI,87.08,12.92,0,0,0,0,8/3/2004,8/9/2004,1
20040727,WI,84.12,15.88,0,0,0,0,7/27/2004,8/2/2004,1
20040720,WI,88.13,11.87,0,0,0,0,7/20/2004,7/26/2004,1
20040713,WI,100,0,0,0,0,0,7/13/2004,7/19/2004,1
20040706,WI,100,0,0,0,0,0,7/6/2004,7/12/2004,1
20040629,WI,100,0,0,0,0,0,6/29/2004,7/5/2004,1
20040622,WI,100,0,0,0,0,0,6/22/2004,6/28/2004,1
20040615,WI,100,0,0,0,0,0,6/15/2004,6/21/2004,1
20040608,WI,100,0,0,0,0,0,6/8/2004,6/14/2004,1
20040601,WI,100,0,0,0,0,0,6/1/2004,6/7/2004,1
20040525,WI,100,0,0,0,0,0,5/25/2004,5/31/2004,1
20040518,WI,99.1,0.9,0,0,0,0,5/18/2004,5/24/2004,1
20040511,WI,89.02,10.98,0.06,0,0,0,5/11/2004,5/17/2004,1
20040504,WI,77.99,22.01,10.52,0,0,0,5/4/2004,5/10/2004,1
20040427,WI,77.99,22.01,10.46,0,0,0,4/27/2004,5/3/2004,1
20040420,WI,77.99,22.01,10.46,0,0,0,4/20/2004,4/26/2004,1
20040413,WI,63.94,36.06,14.46,0,0,0,4/13/2004,4/19/2004,1
20040406,WI,65.04,34.96,13.29,0,0,0,4/6/2004,4/12/2004,1
20040330,WI,65.53,34.47,12.54,0,0,0,3/30/2004,4/5/2004,1
20040323,WI,53.56,46.44,32.45,0.24,0,0,3/23/2004,3/29/2004,1
20040316,WI,53.56,46.44,32.45,0.24,0,0,3/16/2004,3/22/2004,1
20040309,WI,53.56,46.44,32.45,0.24,0,0,3/9/2004,3/15/2004,1
20040302,WI,39.13,60.87,37.83,18.47,0,0,3/2/2004,3/8/2004,1
20040224,WI,39.27,60.73,37.83,18.47,0,0,2/24/2004,3/1/2004,1
20040217,WI,35.03,64.97,40.28,18.47,0,0,2/17/2004,2/23/2004,1
20040210,WI,35.03,64.97,40.28,18.47,0,0,2/10/2004,2/16/2004,1
20040203,WI,35.03,64.97,49.4,18.47,0,0,2/3/2004,2/9/2004,1
20040127,WI,35.03,64.97,51.67,24.77,4.46,0,1/27/2004,2/2/2004,1
20040120,WI,40.96,59.04,51.37,24.77,4.46,0,1/20/2004,1/26/2004,1
20040113,WI,39.56,60.44,44.38,24.77,4.46,0,1/13/2004,1/19/2004,1
20040106,WI,34.1,65.9,48.86,24.77,4.46,0,1/6/2004,1/12/2004,1
20031230,WI,30.63,69.37,50.93,30.07,6.86,0,12/30/2003,1/5/2004,1
20031223,WI,27.89,72.11,51.36,27.78,6.09,0,12/23/2003,12/29/2003,1
20031216,WI,27.28,72.72,53.45,29.44,6.18,0,12/16/2003,12/22/2003,1
20031209,WI,16.39,83.61,58.98,28.35,7.47,0,12/9/2003,12/15/2003,1
20031202,WI,17.96,82.04,56.55,28.58,6.32,0,12/2/2003,12/8/2003,1
20031125,WI,6.9,93.1,56.99,30.07,6.79,0,11/25/2003,12/1/2003,1
20031118,WI,1.49,98.51,65.34,29.58,7.2,0,11/18/2003,11/24/2003,1
20031111,WI,1.27,98.73,65.68,29.36,6.63,0,11/11/2003,11/17/2003,1
20031104,WI,0.89,99.11,65.86,29.91,7,0,11/4/2003,11/10/2003,1
20031028,WI,1.21,98.79,81.85,35.06,6.67,0,10/28/2003,11/3/2003,1
20031021,WI,5.44,94.56,70.91,21.84,3.46,0,10/21/2003,10/27/2003,1
20031014,WI,12.12,87.88,66.85,18.2,0.02,0,10/14/2003,10/20/2003,1
20031007,WI,12.82,87.18,72.28,14.15,0.19,0,10/7/2003,10/13/2003,1
20030930,WI,3.26,96.74,79.11,13.35,0,0,9/30/2003,10/6/2003,1
20030923,WI,3.09,96.91,79.93,13.65,0,0,9/23/2003,9/29/2003,1
20030916,WI,2.71,97.29,80.87,34.52,0,0,9/16/2003,9/22/2003,1
20030909,WI,1.45,98.55,91.11,34.47,0,0,9/9/2003,9/15/2003,1
20030902,WI,2.96,97.04,60.71,0.09,0,0,9/2/2003,9/8/2003,1
20030826,WI,2.63,97.37,44.4,0,0,0,8/26/2003,9/1/2003,1
20030819,WI,14.39,85.61,11.19,0,0,0,8/19/2003,8/25/2003,1
20030812,WI,77.02,22.98,9.16,0,0,0,8/12/2003,8/18/2003,1
20030805,WI,85.84,14.16,0,0,0,0,8/5/2003,8/11/2003,1
20030729,WI,60.72,39.28,0,0,0,0,7/29/2003,8/4/2003,1
20030722,WI,81.44,18.56,0,0,0,0,7/22/2003,7/28/2003,1
20030715,WI,83.73,16.27,0,0,0,0,7/15/2003,7/21/2003,1
20030708,WI,81.39,18.61,0,0,0,0,7/8/2003,7/14/2003,1
20030701,WI,91.71,8.29,0,0,0,0,7/1/2003,7/7/2003,1
20030624,WI,57.6,42.4,1.11,0,0,0,6/24/2003,6/30/2003,1
20030617,WI,89.93,10.07,0,0,0,0,6/17/2003,6/23/2003,1
20030610,WI,99.92,0.08,0,0,0,0,6/10/2003,6/16/2003,1
20030603,WI,99.6,0.4,0,0,0,0,6/3/2003,6/9/2003,1
20030527,WI,99.68,0.32,0,0,0,0,5/27/2003,6/2/2003,1
20030520,WI,99.97,0.03,0,0,0,0,5/20/2003,5/26/2003,1
20030513,WI,100,0,0,0,0,0,5/13/2003,5/19/2003,1
20030506,WI,72.16,27.84,7.38,0,0,0,5/6/2003,5/12/2003,1
20030429,WI,68.88,31.12,21.99,10.95,0,0,4/29/2003,5/5/2003,1
20030422,WI,68.43,31.57,23.34,3.13,0,0,4/22/2003,4/28/2003,1
20030415,WI,16.12,83.88,25.29,0,0,0,4/15/2003,4/21/2003,1
20030408,WI,26.3,73.7,17.83,0,0,0,4/8/2003,4/14/2003,1
20030401,WI,24.76,75.24,21.7,0,0,0,4/1/2003,4/7/2003,1
20030325,WI,0,100,89.08,0.03,0,0,3/25/2003,3/31/2003,1
20030318,WI,0,100,89.12,0,0,0,3/18/2003,3/24/2003,1
20030311,WI,0,100,34.2,0.17,0,0,3/11/2003,3/17/2003,1
20030304,WI,0,100,22.92,0.02,0,0,3/4/2003,3/10/2003,1
20030225,WI,0,100,21.89,0,0,0,2/25/2003,3/3/2003,1
20030218,WI,0,100,21.4,0,0,0,2/18/2003,2/24/2003,1
20030211,WI,0,100,21.24,0,0,0,2/11/2003,2/17/2003,1
20030204,WI,0,100,21.51,0,0,0,2/4/2003,2/10/2003,1
20030128,WI,0,100,21.48,0,0,0,1/28/2003,2/3/2003,1
20030121,WI,0,100,20.98,0,0,0,1/21/2003,1/27/2003,1
20030114,WI,36.25,63.75,22.19,0,0,0,1/14/2003,1/20/2003,1
20030107,WI,38.27,61.73,4.99,0,0,0,1/7/2003,1/13/2003,1
20021231,WI,74.28,25.72,0.85,0,0,0,12/31/2002,1/6/2003,1
20021224,WI,77.71,22.29,0,0,0,0,12/24/2002,12/30/2002,1
20021217,WI,78.06,21.94,0,0,0,0,12/17/2002,12/23/2002,1
20021210,WI,82.9,17.1,0,0,0,0,12/10/2002,12/16/2002,1
20021203,WI,100,0,0,0,0,0,12/3/2002,12/9/2002,1
20021126,WI,100,0,0,0,0,0,11/26/2002,12/2/2002,1
20021119,WI,99.66,0.34,0,0,0,0,11/19/2002,11/25/2002,1
20021112,WI,99.72,0.28,0,0,0,0,11/12/2002,11/18/2002,1
20021105,WI,99.74,0.26,0,0,0,0,11/5/2002,11/11/2002,1
20021029,WI,100,0,0,0,0,0,10/29/2002,11/4/2002,1
20021022,WI,100,0,0,0,0,0,10/22/2002,10/28/2002,1
20021015,WI,100,0,0,0,0,0,10/15/2002,10/21/2002,1
20021008,WI,100,0,0,0,0,0,10/8/2002,10/14/2002,1
20021001,WI,100,0,0,0,0,0,10/1/2002,10/7/2002,1
20020924,WI,100,0,0,0,0,0,9/24/2002,9/30/2002,1
20020917,WI,100,0,0,0,0,0,9/17/2002,9/23/2002,1
20020910,WI,100,0,0,0,0,0,9/10/2002,9/16/2002,1
20020903,WI,100,0,0,0,0,0,9/3/2002,9/9/2002,1
20020827,WI,100,0,0,0,0,0,8/27/2002,9/2/2002,1
20020820,WI,100,0,0,0,0,0,8/20/2002,8/26/2002,1
20020813,WI,67.93,32.07,0,0,0,0,8/13/2002,8/19/2002,1
20020806,WI,62.38,37.62,2.47,0,0,0,8/6/2002,8/12/2002,1
20020730,WI,62.63,37.37,0,0,0,0,7/30/2002,8/5/2002,1
20020723,WI,92.08,7.92,0,0,0,0,7/23/2002,7/29/2002,1
20020716,WI,100,0,0,0,0,0,7/16/2002,7/22/2002,1
20020709,WI,100,0,0,0,0,0,7/9/2002,7/15/2002,1
20020702,WI,100,0,0,0,0,0,7/2/2002,7/8/2002,1
20020625,WI,100,0,0,0,0,0,6/25/2002,7/1/2002,1
20020618,WI,99.8,0.2,0,0,0,0,6/18/2002,6/24/2002,1
20020611,WI,98.68,1.32,0,0,0,0,6/11/2002,6/17/2002,1
20020604,WI,95.42,4.58,0,0,0,0,6/4/2002,6/10/2002,1
20020528,WI,100,0,0,0,0,0,5/28/2002,6/3/2002,1
20020521,WI,100,0,0,0,0,0,5/21/2002,5/27/2002,1
20020514,WI,100,0,0,0,0,0,5/14/2002,5/20/2002,1
20020507,WI,100,0,0,0,0,0,5/7/2002,5/13/2002,1
20020430,WI,100,0,0,0,0,0,4/30/2002,5/6/2002,1
20020423,WI,100,0,0,0,0,0,4/23/2002,4/29/2002,1
20020416,WI,100,0,0,0,0,0,4/16/2002,4/22/2002,1
20020409,WI,100,0,0,0,0,0,4/9/2002,4/15/2002,1
20020402,WI,100,0,0,0,0,0,4/2/2002,4/8/2002,1
20020326,WI,100,0,0,0,0,0,3/26/2002,4/1/2002,1
20020319,WI,100,0,0,0,0,0,3/19/2002,3/25/2002,1
20020312,WI,100,0,0,0,0,0,3/12/2002,3/18/2002,1
20020305,WI,99.98,0.02,0,0,0,0,3/5/2002,3/11/2002,1
20020226,WI,100,0,0,0,0,0,2/26/2002,3/4/2002,1
20020219,WI,99.89,0.11,0,0,0,0,2/19/2002,2/25/2002,1
20020212,WI,99.99,0.01,0,0,0,0,2/12/2002,2/18/2002,1
20020205,WI,100,0,0,0,0,0,2/5/2002,2/11/2002,1
20020129,WI,98.94,1.06,0,0,0,0,1/29/2002,2/4/2002,1
20020122,WI,100,0,0,0,0,0,1/22/2002,1/28/2002,1
20020115,WI,100,0,0,0,0,0,1/15/2002,1/21/2002,1
20020108,WI,100,0,0,0,0,0,1/8/2002,1/14/2002,1
20020101,WI,100,0,0,0,0,0,1/1/2002,1/7/2002,1
20011225,WI,100,0,0,0,0,0,12/25/2001,12/31/2001,1
20011218,WI,100,0,0,0,0,0,12/18/2001,12/24/2001,1
20011211,WI,100,0,0,0,0,0,12/11/2001,12/17/2001,1
20011204,WI,100,0,0,0,0,0,12/4/2001,12/10/2001,1
20011127,WI,100,0,0,0,0,0,11/27/2001,12/3/2001,1
20011120,WI,97.28,2.72,0,0,0,0,11/20/2001,11/26/2001,1
20011113,WI,97.28,2.72,0,0,0,0,11/13/2001,11/19/2001,1
20011106,WI,97.48,2.52,0,0,0,0,11/6/2001,11/12/2001,1
20011030,WI,97.48,2.52,0,0,0,0,10/30/2001,11/5/2001,1
20011023,WI,99.81,0.19,0,0,0,0,10/23/2001,10/29/2001,1
20011016,WI,99.91,0.09,0,0,0,0,10/16/2001,10/22/2001,1
20011009,WI,97.76,2.24,0,0,0,0,10/9/2001,10/15/2001,1
20011002,WI,100,0,0,0,0,0,10/2/2001,10/8/2001,1
20010925,WI,100,0,0,0,0,0,9/25/2001,10/1/2001,1
20010918,WI,99.75,0.25,0,0,0,0,9/18/2001,9/24/2001,1
20010911,WI,99.75,0.25,0,0,0,0,9/11/2001,9/17/2001,1
20010904,WI,83.06,16.94,0,0,0,0,9/4/2001,9/10/2001,1
20010828,WI,100,0,0,0,0,0,8/28/2001,9/3/2001,1
20010821,WI,76.13,23.87,0,0,0,0,8/21/2001,8/27/2001,1
20010814,WI,54.09,45.91,0,0,0,0,8/14/2001,8/20/2001,1
20010807,WI,62.01,37.99,0,0,0,0,8/7/2001,8/13/2001,1
20010731,WI,6.47,93.53,0,0,0,0,7/31/2001,8/6/2001,1
20010724,WI,4.45,95.55,0,0,0,0,7/24/2001,7/30/2001,1
20010717,WI,39.21,60.79,0,0,0,0,7/17/2001,7/23/2001,1
20010710,WI,100,0,0,0,0,0,7/10/2001,7/16/2001,1
20010703,WI,100,0,0,0,0,0,7/3/2001,7/9/2001,1
20010626,WI,100,0,0,0,0,0,6/26/2001,7/2/2001,1
20010619,WI,100,0,0,0,0,0,6/19/2001,6/25/2001,1
20010612,WI,100,0,0,0,0,0,6/12/2001,6/18/2001,1
20010605,WI,100,0,0,0,0,0,6/5/2001,6/11/2001,1
20010529,WI,100,0,0,0,0,0,5/29/2001,6/4/2001,1
20010522,WI,100,0,0,0,0,0,5/22/2001,5/28/2001,1
20010515,WI,100,0,0,0,0,0,5/15/2001,5/21/2001,1
20010508,WI,100,0,0,0,0,0,5/8/2001,5/14/2001,1
20010501,WI,100,0,0,0,0,0,5/1/2001,5/7/2001,1
20010424,WI,100,0,0,0,0,0,4/24/2001,4/30/2001,1
20010417,WI,100,0,0,0,0,0,4/17/2001,4/23/2001,1
20010410,WI,100,0,0,0,0,0,4/10/2001,4/16/2001,1
20010403,WI,100,0,0,0,0,0,4/3/2001,4/9/2001,1
20010327,WI,100,0,0,0,0,0,3/27/2001,4/2/2001,1
20010320,WI,100,0,0,0,0,0,3/20/2001,3/26/2001,1
20010313,WI,100,0,0,0,0,0,3/13/2001,3/19/2001,1
20010306,WI,100,0,0,0,0,0,3/6/2001,3/12/2001,1
20010227,WI,100,0,0,0,0,0,2/27/2001,3/5/2001,1
20010220,WI,100,0,0,0,0,0,2/20/2001,2/26/2001,1
20010213,WI,100,0,0,0,0,0,2/13/2001,2/19/2001,1
20010206,WI,100,0,0,0,0,0,2/6/2001,2/12/2001,1
20010130,WI,100,0,0,0,0,0,1/30/2001,2/5/2001,1
20010123,WI,100,0,0,0,0,0,1/23/2001,1/29/2001,1
20010116,WI,100,0,0,0,0,0,1/16/2001,1/22/2001,1
20010109,WI,100,0,0,0,0,0,1/9/2001,1/15/2001,1
20010102,WI,100,0,0,0,0,0,1/2/2001,1/8/2001,1
20001226,WI,99.98,0.02,0,0,0,0,12/26/2000,1/1/2001,1
20001219,WI,99.98,0.02,0,0,0,0,12/19/2000,12/25/2000,1
20001212,WI,99.98,0.02,0,0,0,0,12/12/2000,12/18/2000,1
20001205,WI,99.98,0.02,0,0,0,0,12/5/2000,12/11/2000,1
20001128,WI,99.98,0.02,0,0,0,0,11/28/2000,12/4/2000,1
20001121,WI,99.84,0.16,0,0,0,0,11/21/2000,11/27/2000,1
20001114,WI,97.12,2.88,0,0,0,0,11/14/2000,11/20/2000,1
20001107,WI,87,13,0,0,0,0,11/7/2000,11/13/2000,1
20001031,WI,21,79,0.88,0,0,0,10/31/2000,11/6/2000,1
20001024,WI,42.02,57.98,1.48,0,0,0,10/24/2000,10/30/2000,1
20001017,WI,88.98,11.02,0.41,0,0,0,10/17/2000,10/23/2000,1
20001010,WI,92.31,7.69,0.36,0,0,0,10/10/2000,10/16/2000,1
20001003,WI,96.32,3.68,0.15,0,0,0,10/3/2000,10/9/2000,1
20000926,WI,100,0,0,0,0,0,9/26/2000,10/2/2000,1
20000919,WI,100,0,0,0,0,0,9/19/2000,9/25/2000,1
20000912,WI,100,0,0,0,0,0,9/12/2000,9/18/2000,1
20000905,WI,100,0,0,0,0,0,9/5/2000,9/11/2000,1
20000829,WI,100,0,0,0,0,0,8/29/2000,9/4/2000,1
20000822,WI,100,0,0,0,0,0,8/22/2000,8/28/2000,1
20000815,WI,100,0,0,0,0,0,8/15/2000,8/21/2000,1
20000808,WI,100,0,0,0,0,0,8/8/2000,8/14/2000,1
20000801,WI,100,0,0,0,0,0,8/1/2000,8/7/2000,1
20000725,WI,100,0,0,0,0,0,7/25/2000,7/31/2000,1
20000718,WI,100,0,0,0,0,0,7/18/2000,7/24/2000,1
20000711,WI,100,0,0,0,0,0,7/11/2000,7/17/2000,1
20000704,WI,100,0,0,0,0,0,7/4/2000,7/10/2000,1
20000627,WI,99.96,0.04,0,0,0,0,6/27/2000,7/3/2000,1
20000620,WI,94.74,5.26,0.05,0,0,0,6/20/2000,6/26/2000,1
20000613,WI,81.44,18.56,0.09,0,0,0,6/13/2000,6/19/2000,1
20000606,WI,84.55,15.45,0.09,0,0,0,6/6/2000,6/12/2000,1
20000530,WI,66.65,33.35,0.92,0,0,0,5/30/2000,6/5/2000,1
20000523,WI,57.41,42.59,0,0,0,0,5/23/2000,5/29/2000,1
20000516,WI,0,100,45.65,0,0,0,5/16/2000,5/22/2000,1
20000509,WI,17.49,82.51,19.64,0,0,0,5/9/2000,5/15/2000,1
20000502,WI,17.49,82.51,17.03,0,0,0,5/2/2000,5/8/2000,1
20000425,WI,19.07,80.93,21.76,0,0,0,4/25/2000,5/1/2000,1
20000418,WI,12.27,87.73,48.58,0,0,0,4/18/2000,4/24/2000,1
20000411,WI,22.13,77.87,38.33,0,0,0,4/11/2000,4/17/2000,1
20000404,WI,42.16,57.84,30.99,0,0,0,4/4/2000,4/10/2000,1
20000328,WI,44.02,55.98,18.44,0,0,0,3/28/2000,4/3/2000,1
20000321,WI,44.18,55.82,18.44,0,0,0,3/21/2000,3/27/2000,1
20000314,WI,44.18,55.82,18.44,0,0,0,3/14/2000,3/20/2000,1
20000307,WI,16.83,83.17,26.44,0,0,0,3/7/2000,3/13/2000,1
20000229,WI,16.83,83.17,24.26,0,0,0,2/29/2000,3/6/2000,1
20000222,WI,32.56,67.44,3.52,0,0,0,2/22/2000,2/28/2000,1
20000215,WI,32.56,67.44,3.51,0,0,0,2/15/2000,2/21/2000,1
20000208,WI,32.56,67.44,3.51,0,0,0,2/8/2000,2/14/2000,1
20000201,WI,32.56,67.44,3.51,0,0,0,2/1/2000,2/7/2000,1
20000125,WI,32.56,67.44,3.44,0,0,0,1/25/2000,1/31/2000,1
20000118,WI,35.5,64.5,3.44,0,0,0,1/18/2000,1/24/2000,1
20000111,WI,36.17,63.83,3.44,0,0,0,1/11/2000,1/17/2000,1
20000104,WI,63.12,36.88,3.18,0,0,0,1/4/2000,1/10/2000,1
